2025-12-11 13:46:35,926 [NUnit.Fw.ParallelWorker#4] INFO  PageObjectModelFramework.basetest.BaseTest - Test Execution is Started
2025-12-11 13:46:40,640 [NUnit.Fw.ParallelWorker#4] INFO  PageObjectModelFramework.basetest.BaseTest - Test Execution is Completed
2025-12-11 13:48:38,221 [NUnit.Fw.ParallelWorker#4] INFO  PageObjectModelFramework.basetest.BaseTest - Test Execution is Started
2025-12-11 13:49:01,172 [NUnit.Fw.ParallelWorker#4] INFO  PageObjectModelFramework.basetest.BaseTest - New Cars page navigation completed
2025-12-11 13:49:02,711 [NUnit.Fw.ParallelWorker#4] INFO  PageObjectModelFramework.basetest.BaseTest - View Brand button clicked
2025-12-11 13:49:05,219 [NUnit.Fw.ParallelWorker#4] INFO  PageObjectModelFramework.basetest.BaseTest - BMW brand page opened
2025-12-11 13:49:09,408 [NUnit.Fw.ParallelWorker#4] INFO  PageObjectModelFramework.basetest.BaseTest - Opened car name page for: BMW M5
2025-12-11 13:49:10,995 [NUnit.Fw.ParallelWorker#4] INFO  PageObjectModelFramework.basetest.BaseTest - Car price: Rs. 2.01 Crore
2025-12-11 13:49:11,019 [NUnit.Fw.ParallelWorker#4] INFO  PageObjectModelFramework.basetest.BaseTest - Test completed successfully for BMW M5
2025-12-11 13:49:11,022 [NUnit.Fw.ParallelWorker#4] INFO  PageObjectModelFramework.basetest.BaseTest - Test Execution is Completed
2025-12-12 12:06:40,368 [NUnit.Fw.ParallelWorker#1] INFO  PageObjectModelFramework.basetest.BaseTest - Test Execution is Started
2025-12-12 12:06:45,003 [NUnit.Fw.ParallelWorker#1] INFO  PageObjectModelFramework.basetest.BaseTest - Test Execution is Completed
2025-12-12 12:06:59,337 [NUnit.Fw.ParallelWorker#3] INFO  PageObjectModelFramework.basetest.BaseTest - Test Execution Completed
2025-12-12 12:08:41,211 [NUnit.Fw.ParallelWorker#3] INFO  PageObjectModelFramework.basetest.BaseTest - Test Execution is Started
2025-12-12 12:09:07,217 [NUnit.Fw.ParallelWorker#3] INFO  PageObjectModelFramework.basetest.BaseTest - New Cars page navigation completed
2025-12-12 12:09:08,279 [NUnit.Fw.ParallelWorker#3] INFO  PageObjectModelFramework.basetest.BaseTest - View Brand button clicked
2025-12-12 12:09:09,771 [NUnit.Fw.ParallelWorker#3] ERROR PageObjectModelFramework.basetest.BaseTest - Test execution failed: element click intercepted: Element <a title="Kia" class="o-d o-os o-kY " href="/kia-cars/">...</a> is not clickable at point (690, 230). Other element would receive the click: <div class="o-j0 o-ef">...</div>
  (Session info: chrome=143.0.7499.41)
OpenQA.Selenium.ElementClickInterceptedException: element click intercepted: Element <a title="Kia" class="o-d o-os o-kY " href="/kia-cars/">...</a> is not clickable at point (690, 230). Other element would receive the click: <div class="o-j0 o-ef">...</div>
  (Session info: chrome=143.0.7499.41)
   at OpenQA.Selenium.WebDriver.UnpackAndThrowOnError(Response errorResponse, String commandToExecute)
   at OpenQA.Selenium.WebDriver.ExecuteAsync(String driverCommandToExecute, Dictionary`2 parameters)
   at OpenQA.Selenium.WebDriver.Execute(String driverCommandToExecute, Dictionary`2 parameters)
   at OpenQA.Selenium.WebElement.Execute(String commandToExecute, Dictionary`2 parameters)
   at OpenQA.Selenium.WebElement.Click()
   at SeleniumExtras.PageObjects.WebElementProxy.Click()
   at PageObjectModelFramework.pageobjects.NewCarPage.OpenCarBrandPage(String brandName) in D:\FrameworkCSharpEnhanced\PageObjectModelFramework\PageObjectModelFramework\PageObjects\NewCarPage.cs:line 61
   at PageObjectModelFramework.testcases.FindNewCarsTest.TestFindNewCar(String browser, String runmode, String carbrand, String cartitle, String carname) in D:\FrameworkCSharpEnhanced\PageObjectModelFramework\PageObjectModelFramework\Testcases\FindNewCarsTest.cs:line 30
2025-12-12 12:09:09,802 [NUnit.Fw.ParallelWorker#3] INFO  PageObjectModelFramework.basetest.BaseTest - Test Execution is Completed
2025-12-12 12:09:21,004 [NUnit.Fw.ParallelWorker#2] INFO  PageObjectModelFramework.basetest.BaseTest - Test Execution Completed
2025-12-12 12:09:51,702 [NUnit.Fw.ParallelWorker#3] INFO  PageObjectModelFramework.basetest.BaseTest - Test Execution is Started
2025-12-12 12:10:01,003 [NUnit.Fw.ParallelWorker#3] INFO  PageObjectModelFramework.basetest.BaseTest - New Cars page navigation completed
2025-12-12 12:10:01,711 [NUnit.Fw.ParallelWorker#3] INFO  PageObjectModelFramework.basetest.BaseTest - View Brand button clicked
2025-12-12 12:10:03,217 [NUnit.Fw.ParallelWorker#3] ERROR PageObjectModelFramework.basetest.BaseTest - Test execution failed: element click intercepted: Element <a title="Kia" class="o-d o-os o-kY " href="/kia-cars/">...</a> is not clickable at point (690, 230). Other element would receive the click: <div class="o-j0 o-ef">...</div>
  (Session info: chrome=143.0.7499.41)
OpenQA.Selenium.ElementClickInterceptedException: element click intercepted: Element <a title="Kia" class="o-d o-os o-kY " href="/kia-cars/">...</a> is not clickable at point (690, 230). Other element would receive the click: <div class="o-j0 o-ef">...</div>
  (Session info: chrome=143.0.7499.41)
   at OpenQA.Selenium.WebDriver.UnpackAndThrowOnError(Response errorResponse, String commandToExecute)
   at OpenQA.Selenium.WebDriver.ExecuteAsync(String driverCommandToExecute, Dictionary`2 parameters)
   at OpenQA.Selenium.WebDriver.Execute(String driverCommandToExecute, Dictionary`2 parameters)
   at OpenQA.Selenium.WebElement.Execute(String commandToExecute, Dictionary`2 parameters)
   at OpenQA.Selenium.WebElement.Click()
   at SeleniumExtras.PageObjects.WebElementProxy.Click()
   at PageObjectModelFramework.pageobjects.NewCarPage.OpenCarBrandPage(String brandName) in D:\FrameworkCSharpEnhanced\PageObjectModelFramework\PageObjectModelFramework\PageObjects\NewCarPage.cs:line 61
   at PageObjectModelFramework.testcases.FindNewCarsTest.TestFindNewCar(String browser, String runmode, String carbrand, String cartitle, String carname) in D:\FrameworkCSharpEnhanced\PageObjectModelFramework\PageObjectModelFramework\Testcases\FindNewCarsTest.cs:line 30
2025-12-12 12:10:03,260 [NUnit.Fw.ParallelWorker#3] INFO  PageObjectModelFramework.basetest.BaseTest - Test Execution is Completed
2025-12-12 12:10:13,936 [NUnit.Fw.ParallelWorker#2] INFO  PageObjectModelFramework.basetest.BaseTest - Test Execution Completed
2025-12-12 12:13:16,777 [NUnit.Fw.ParallelWorker#2] INFO  PageObjectModelFramework.basetest.BaseTest - Test Execution is Started
2025-12-12 12:13:29,759 [NUnit.Fw.ParallelWorker#2] INFO  PageObjectModelFramework.basetest.BaseTest - New Cars page navigation completed
2025-12-12 12:13:30,634 [NUnit.Fw.ParallelWorker#2] INFO  PageObjectModelFramework.basetest.BaseTest - View Brand button clicked
2025-12-12 12:13:31,384 [NUnit.Fw.ParallelWorker#2] INFO  PageObjectModelFramework.basetest.BaseTest - Kia brand page opened
2025-12-12 12:13:34,281 [NUnit.Fw.ParallelWorker#2] INFO  PageObjectModelFramework.basetest.BaseTest - Opened car name page for: Kia Sonet
2025-12-12 12:13:38,633 [NUnit.Fw.ParallelWorker#2] INFO  PageObjectModelFramework.basetest.BaseTest - Car price: Rs. 7.30 - 14.09 Lakh
2025-12-12 12:13:38,727 [NUnit.Fw.ParallelWorker#2] INFO  PageObjectModelFramework.basetest.BaseTest - Test completed successfully for Kia Sonet
2025-12-12 12:13:38,729 [NUnit.Fw.ParallelWorker#2] INFO  PageObjectModelFramework.basetest.BaseTest - Test Execution is Completed
2025-12-12 12:13:49,786 [NUnit.Fw.ParallelWorker#4] INFO  PageObjectModelFramework.basetest.BaseTest - Test Execution Completed
2025-12-12 12:14:12,208 [NUnit.Fw.ParallelWorker#4] INFO  PageObjectModelFramework.basetest.BaseTest - Test Execution is Started
2025-12-12 12:14:20,311 [NUnit.Fw.ParallelWorker#4] INFO  PageObjectModelFramework.basetest.BaseTest - New Cars page navigation completed
2025-12-12 12:14:21,389 [NUnit.Fw.ParallelWorker#4] INFO  PageObjectModelFramework.basetest.BaseTest - View Brand button clicked
2025-12-12 12:14:22,995 [NUnit.Fw.ParallelWorker#4] ERROR PageObjectModelFramework.basetest.BaseTest - Test execution failed: element click intercepted: Element <a title="Kia" class="o-d o-os o-kY " href="/kia-cars/">...</a> is not clickable at point (690, 230). Other element would receive the click: <div class="o-j0 o-ef">...</div>
  (Session info: chrome=143.0.7499.41)
OpenQA.Selenium.ElementClickInterceptedException: element click intercepted: Element <a title="Kia" class="o-d o-os o-kY " href="/kia-cars/">...</a> is not clickable at point (690, 230). Other element would receive the click: <div class="o-j0 o-ef">...</div>
  (Session info: chrome=143.0.7499.41)
   at OpenQA.Selenium.WebDriver.UnpackAndThrowOnError(Response errorResponse, String commandToExecute)
   at OpenQA.Selenium.WebDriver.ExecuteAsync(String driverCommandToExecute, Dictionary`2 parameters)
   at OpenQA.Selenium.WebDriver.Execute(String driverCommandToExecute, Dictionary`2 parameters)
   at OpenQA.Selenium.WebElement.Execute(String commandToExecute, Dictionary`2 parameters)
   at OpenQA.Selenium.WebElement.Click()
   at SeleniumExtras.PageObjects.WebElementProxy.Click()
   at PageObjectModelFramework.pageobjects.NewCarPage.OpenCarBrandPage(String brandName) in D:\FrameworkCSharpEnhanced\PageObjectModelFramework\PageObjectModelFramework\PageObjects\NewCarPage.cs:line 61
   at PageObjectModelFramework.testcases.FindNewCarsTest.TestFindNewCar(String browser, String runmode, String carbrand, String cartitle, String carname) in D:\FrameworkCSharpEnhanced\PageObjectModelFramework\PageObjectModelFramework\Testcases\FindNewCarsTest.cs:line 30
2025-12-12 12:14:23,032 [NUnit.Fw.ParallelWorker#4] INFO  PageObjectModelFramework.basetest.BaseTest - Test Execution is Completed
2025-12-12 12:14:32,301 [NUnit.Fw.ParallelWorker#1] INFO  PageObjectModelFramework.basetest.BaseTest - Test Execution Completed
2025-12-12 12:17:39,649 [NUnit.Fw.ParallelWorker#3] INFO  PageObjectModelFramework.basetest.BaseTest - Test Execution is Started
2025-12-12 12:17:47,879 [NUnit.Fw.ParallelWorker#3] INFO  PageObjectModelFramework.basetest.BaseTest - New Cars page navigation completed
2025-12-12 12:17:48,696 [NUnit.Fw.ParallelWorker#3] INFO  PageObjectModelFramework.basetest.BaseTest - Kia brand page opened
2025-12-12 12:17:49,930 [NUnit.Fw.ParallelWorker#3] INFO  PageObjectModelFramework.basetest.BaseTest - Opened car name page for: Kia Sonet
2025-12-12 12:17:51,228 [NUnit.Fw.ParallelWorker#3] INFO  PageObjectModelFramework.basetest.BaseTest - Car price: Rs. 7.30 - 14.09 Lakh
2025-12-12 12:17:51,251 [NUnit.Fw.ParallelWorker#3] INFO  PageObjectModelFramework.basetest.BaseTest - Test completed successfully for Kia Sonet
2025-12-12 12:17:51,253 [NUnit.Fw.ParallelWorker#3] INFO  PageObjectModelFramework.basetest.BaseTest - Test Execution is Completed
2025-12-12 12:17:59,603 [NUnit.Fw.ParallelWorker#4] INFO  PageObjectModelFramework.basetest.BaseTest - Test Execution Completed
2025-12-12 12:24:25,646 [NUnit.Fw.ParallelWorker#4] INFO  PageObjectModelFramework.basetest.BaseTest - Test Execution is Started
2025-12-12 12:24:33,728 [NUnit.Fw.ParallelWorker#4] INFO  PageObjectModelFramework.basetest.BaseTest - New Cars page navigation completed
2025-12-12 12:24:34,563 [NUnit.Fw.ParallelWorker#4] INFO  PageObjectModelFramework.basetest.BaseTest - View Brand button clicked
2025-12-12 12:24:36,219 [NUnit.Fw.ParallelWorker#4] ERROR PageObjectModelFramework.basetest.BaseTest - Test execution failed: element click intercepted: Element <a title="Kia" class="o-d o-os o-kY " href="/kia-cars/">...</a> is not clickable at point (690, 230). Other element would receive the click: <div class="o-j0 o-ef">...</div>
  (Session info: chrome=143.0.7499.41)
OpenQA.Selenium.ElementClickInterceptedException: element click intercepted: Element <a title="Kia" class="o-d o-os o-kY " href="/kia-cars/">...</a> is not clickable at point (690, 230). Other element would receive the click: <div class="o-j0 o-ef">...</div>
  (Session info: chrome=143.0.7499.41)
   at OpenQA.Selenium.WebDriver.UnpackAndThrowOnError(Response errorResponse, String commandToExecute)
   at OpenQA.Selenium.WebDriver.ExecuteAsync(String driverCommandToExecute, Dictionary`2 parameters)
   at OpenQA.Selenium.WebDriver.Execute(String driverCommandToExecute, Dictionary`2 parameters)
   at OpenQA.Selenium.WebElement.Execute(String commandToExecute, Dictionary`2 parameters)
   at OpenQA.Selenium.WebElement.Click()
   at SeleniumExtras.PageObjects.WebElementProxy.Click()
   at PageObjectModelFramework.pageobjects.NewCarPage.OpenCarBrandPage(String brandName) in D:\FrameworkCSharpEnhanced\PageObjectModelFramework\PageObjectModelFramework\PageObjects\NewCarPage.cs:line 61
   at PageObjectModelFramework.testcases.FindNewCarsTest.TestFindNewCar(String browser, String runmode, String carbrand, String cartitle, String carname) in D:\FrameworkCSharpEnhanced\PageObjectModelFramework\PageObjectModelFramework\Testcases\FindNewCarsTest.cs:line 30
2025-12-12 12:24:36,268 [NUnit.Fw.ParallelWorker#4] INFO  PageObjectModelFramework.basetest.BaseTest - Test Execution is Completed
2025-12-12 12:24:48,609 [NUnit.Fw.ParallelWorker#1] INFO  PageObjectModelFramework.basetest.BaseTest - Test Execution Completed
2025-12-12 12:31:18,456 [NUnit.Fw.ParallelWorker#1] INFO  PageObjectModelFramework.basetest.BaseTest - Test Execution is Started
2025-12-12 12:31:29,233 [NUnit.Fw.ParallelWorker#1] INFO  PageObjectModelFramework.basetest.BaseTest - New Cars page navigation completed
2025-12-12 12:31:29,956 [NUnit.Fw.ParallelWorker#1] INFO  PageObjectModelFramework.basetest.BaseTest - View Brand button clicked
2025-12-12 12:31:31,414 [NUnit.Fw.ParallelWorker#1] ERROR PageObjectModelFramework.basetest.BaseTest - Test execution failed: element click intercepted: Element <a title="Kia" class="o-d o-os o-kY " href="/kia-cars/">...</a> is not clickable at point (690, 230). Other element would receive the click: <div class="o-j0 o-ef">...</div>
  (Session info: chrome=143.0.7499.41)
OpenQA.Selenium.ElementClickInterceptedException: element click intercepted: Element <a title="Kia" class="o-d o-os o-kY " href="/kia-cars/">...</a> is not clickable at point (690, 230). Other element would receive the click: <div class="o-j0 o-ef">...</div>
  (Session info: chrome=143.0.7499.41)
   at OpenQA.Selenium.WebDriver.UnpackAndThrowOnError(Response errorResponse, String commandToExecute)
   at OpenQA.Selenium.WebDriver.ExecuteAsync(String driverCommandToExecute, Dictionary`2 parameters)
   at OpenQA.Selenium.WebDriver.Execute(String driverCommandToExecute, Dictionary`2 parameters)
   at OpenQA.Selenium.WebElement.Execute(String commandToExecute, Dictionary`2 parameters)
   at OpenQA.Selenium.WebElement.Click()
   at SeleniumExtras.PageObjects.WebElementProxy.Click()
   at PageObjectModelFramework.pageobjects.NewCarPage.OpenCarBrandPage(String brandName) in D:\FrameworkCSharpEnhanced\PageObjectModelFramework\PageObjectModelFramework\PageObjects\NewCarPage.cs:line 61
   at PageObjectModelFramework.testcases.FindNewCarsTest.TestFindNewCar(String browser, String runmode, String carbrand, String cartitle, String carname) in D:\FrameworkCSharpEnhanced\PageObjectModelFramework\PageObjectModelFramework\Testcases\FindNewCarsTest.cs:line 30
2025-12-12 12:31:31,485 [NUnit.Fw.ParallelWorker#1] INFO  PageObjectModelFramework.basetest.BaseTest - Test Execution is Completed
2025-12-12 12:31:44,287 [NUnit.Fw.ParallelWorker#3] INFO  PageObjectModelFramework.basetest.BaseTest - Test Execution Completed
2025-12-12 12:40:00,525 [NUnit.Fw.ParallelWorker#1] INFO  PageObjectModelFramework.basetest.BaseTest - Test Execution is Started
2025-12-12 12:40:10,399 [NUnit.Fw.ParallelWorker#1] INFO  PageObjectModelFramework.basetest.BaseTest - New Cars page navigation completed
2025-12-12 12:40:11,171 [NUnit.Fw.ParallelWorker#1] INFO  PageObjectModelFramework.basetest.BaseTest - View Brand button clicked
2025-12-12 12:40:12,894 [NUnit.Fw.ParallelWorker#1] ERROR PageObjectModelFramework.basetest.BaseTest - Test execution failed: element click intercepted: Element <a title="Kia" class="o-d o-os o-kY " href="/kia-cars/">...</a> is not clickable at point (690, 38). Other element would receive the click: <div class="o-aE o-jK o-aR o-aT o-aV o-aK o-f">...</div>
  (Session info: chrome=143.0.7499.41)
OpenQA.Selenium.ElementClickInterceptedException: element click intercepted: Element <a title="Kia" class="o-d o-os o-kY " href="/kia-cars/">...</a> is not clickable at point (690, 38). Other element would receive the click: <div class="o-aE o-jK o-aR o-aT o-aV o-aK o-f">...</div>
  (Session info: chrome=143.0.7499.41)
   at OpenQA.Selenium.WebDriver.UnpackAndThrowOnError(Response errorResponse, String commandToExecute)
   at OpenQA.Selenium.WebDriver.ExecuteAsync(String driverCommandToExecute, Dictionary`2 parameters)
   at OpenQA.Selenium.WebDriver.Execute(String driverCommandToExecute, Dictionary`2 parameters)
   at OpenQA.Selenium.WebElement.Execute(String commandToExecute, Dictionary`2 parameters)
   at OpenQA.Selenium.WebElement.Click()
   at SeleniumExtras.PageObjects.WebElementProxy.Click()
   at PageObjectModelFramework.pageobjects.NewCarPage.OpenCarBrandPage(String brandName) in D:\FrameworkCSharpEnhanced\PageObjectModelFramework\PageObjectModelFramework\PageObjects\NewCarPage.cs:line 62
   at PageObjectModelFramework.testcases.FindNewCarsTest.TestFindNewCar(String browser, String runmode, String carbrand, String cartitle, String carname) in D:\FrameworkCSharpEnhanced\PageObjectModelFramework\PageObjectModelFramework\Testcases\FindNewCarsTest.cs:line 30
2025-12-12 12:40:12,948 [NUnit.Fw.ParallelWorker#1] INFO  PageObjectModelFramework.basetest.BaseTest - Test Execution is Completed
2025-12-12 12:40:25,559 [NUnit.Fw.ParallelWorker#3] INFO  PageObjectModelFramework.basetest.BaseTest - Test Execution Completed
2025-12-12 12:41:23,539 [NUnit.Fw.ParallelWorker#1] INFO  PageObjectModelFramework.basetest.BaseTest - Test Execution is Started
2025-12-12 12:41:33,026 [NUnit.Fw.ParallelWorker#1] INFO  PageObjectModelFramework.basetest.BaseTest - New Cars page navigation completed
2025-12-12 12:41:34,036 [NUnit.Fw.ParallelWorker#1] INFO  PageObjectModelFramework.basetest.BaseTest - View Brand button clicked
2025-12-12 12:41:35,662 [NUnit.Fw.ParallelWorker#1] ERROR PageObjectModelFramework.basetest.BaseTest - Test execution failed: element click intercepted: Element <a title="Kia" class="o-d o-os o-kY " href="/kia-cars/">...</a> is not clickable at point (690, 214). Other element would receive the click: <div class="o-j1 o-js">...</div>
  (Session info: chrome=143.0.7499.41)
OpenQA.Selenium.ElementClickInterceptedException: element click intercepted: Element <a title="Kia" class="o-d o-os o-kY " href="/kia-cars/">...</a> is not clickable at point (690, 214). Other element would receive the click: <div class="o-j1 o-js">...</div>
  (Session info: chrome=143.0.7499.41)
   at OpenQA.Selenium.WebDriver.UnpackAndThrowOnError(Response errorResponse, String commandToExecute)
   at OpenQA.Selenium.WebDriver.ExecuteAsync(String driverCommandToExecute, Dictionary`2 parameters)
   at OpenQA.Selenium.WebDriver.Execute(String driverCommandToExecute, Dictionary`2 parameters)
   at OpenQA.Selenium.WebElement.Execute(String commandToExecute, Dictionary`2 parameters)
   at OpenQA.Selenium.WebElement.Click()
   at SeleniumExtras.PageObjects.WebElementProxy.Click()
   at PageObjectModelFramework.pageobjects.NewCarPage.OpenCarBrandPage(String brandName) in D:\FrameworkCSharpEnhanced\PageObjectModelFramework\PageObjectModelFramework\PageObjects\NewCarPage.cs:line 62
   at PageObjectModelFramework.testcases.FindNewCarsTest.TestFindNewCar(String browser, String runmode, String carbrand, String cartitle, String carname) in D:\FrameworkCSharpEnhanced\PageObjectModelFramework\PageObjectModelFramework\Testcases\FindNewCarsTest.cs:line 30
2025-12-12 12:41:35,702 [NUnit.Fw.ParallelWorker#1] INFO  PageObjectModelFramework.basetest.BaseTest - Test Execution is Completed
2025-12-12 12:41:47,401 [NUnit.Fw.ParallelWorker#3] INFO  PageObjectModelFramework.basetest.BaseTest - Test Execution Completed
2025-12-12 12:44:51,999 [NUnit.Fw.ParallelWorker#2] INFO  PageObjectModelFramework.basetest.BaseTest - Test Execution is Started
2025-12-12 12:44:51,999 [NUnit.Fw.ParallelWorker#4] INFO  PageObjectModelFramework.basetest.BaseTest - Test Execution is Started
2025-12-12 12:44:51,999 [NUnit.Fw.ParallelWorker#1] INFO  PageObjectModelFramework.basetest.BaseTest - Test Execution is Started
2025-12-12 12:44:51,999 [NUnit.Fw.ParallelWorker#3] INFO  PageObjectModelFramework.basetest.BaseTest - Test Execution is Started
2025-12-12 12:45:34,619 [NUnit.Fw.ParallelWorker#3] INFO  PageObjectModelFramework.basetest.BaseTest - New Cars page navigation completed
2025-12-12 12:45:42,224 [NUnit.Fw.ParallelWorker#1] INFO  PageObjectModelFramework.basetest.BaseTest - New Cars page navigation completed
2025-12-12 12:45:43,239 [NUnit.Fw.ParallelWorker#3] INFO  PageObjectModelFramework.basetest.BaseTest - View Brand button clicked
2025-12-12 12:45:46,404 [NUnit.Fw.ParallelWorker#4] INFO  PageObjectModelFramework.basetest.BaseTest - New Cars page navigation completed
2025-12-12 12:45:46,917 [NUnit.Fw.ParallelWorker#2] INFO  PageObjectModelFramework.basetest.BaseTest - New Cars page navigation completed
2025-12-12 12:45:49,858 [NUnit.Fw.ParallelWorker#1] INFO  PageObjectModelFramework.basetest.BaseTest - View Brand button clicked
2025-12-12 12:45:52,053 [NUnit.Fw.ParallelWorker#2] INFO  PageObjectModelFramework.basetest.BaseTest - View Brand button clicked
2025-12-12 12:45:52,918 [NUnit.Fw.ParallelWorker#3] INFO  PageObjectModelFramework.basetest.BaseTest - Audi brand page opened
2025-12-12 12:45:57,073 [NUnit.Fw.ParallelWorker#4] ERROR PageObjectModelFramework.basetest.BaseTest - Test execution failed: Timed out after 10 seconds
OpenQA.Selenium.WebDriverTimeoutException: Timed out after 10 seconds
 ---> OpenQA.Selenium.NoSuchElementException: Could not find element by: By.XPath: //div[contains(text(),'View More Brands')]; For documentation on this error, please visit: https://www.selenium.dev/documentation/webdriver/troubleshooting/errors#nosuchelementexception
   at SeleniumExtras.PageObjects.DefaultElementLocator.LocateElement(IEnumerable`1 bys)
   at SeleniumExtras.PageObjects.WebElementProxy.get_WrappedElement()
   at SeleniumExtras.PageObjects.WebElementProxy.get_Enabled()
   at PageObjectModelFramework.utilities.WaitHelper.<>c__DisplayClass4_0.<WaitForElementToBeClickable>b__0(IWebDriver drv) in D:\FrameworkCSharpEnhanced\PageObjectModelFramework\PageObjectModelFramework\Utils\WaitHelper.cs:line 33
   at OpenQA.Selenium.Support.UI.DefaultWait`1.Until[TResult](Func`2 condition, CancellationToken token)
   --- End of inner exception stack trace ---
   at OpenQA.Selenium.Support.UI.DefaultWait`1.ThrowTimeoutException(String exceptionMessage, Exception lastException)
   at OpenQA.Selenium.Support.UI.DefaultWait`1.Until[TResult](Func`2 condition, CancellationToken token)
   at OpenQA.Selenium.Support.UI.DefaultWait`1.Until[TResult](Func`2 condition)
   at PageObjectModelFramework.utilities.WaitHelper.WaitForElementToBeClickable(IWebElement element, Int32 timeoutInSeconds) in D:\FrameworkCSharpEnhanced\PageObjectModelFramework\PageObjectModelFramework\Utils\WaitHelper.cs:line 29
   at PageObjectModelFramework.pageobjects.BasePage.WaitForElementToBeClickable(IWebElement element) in D:\FrameworkCSharpEnhanced\PageObjectModelFramework\PageObjectModelFramework\PageObjects\BasePage.cs:line 35
   at PageObjectModelFramework.pageobjects.NewCarPage.ViewBrand() in D:\FrameworkCSharpEnhanced\PageObjectModelFramework\PageObjectModelFramework\PageObjects\NewCarPage.cs:line 39
   at PageObjectModelFramework.testcases.FindNewCarsTest.TestFindNewCar(String browser, String runmode, String carbrand, String cartitle, String carname) in D:\FrameworkCSharpEnhanced\PageObjectModelFramework\PageObjectModelFramework\Testcases\FindNewCarsTest.cs:line 30
2025-12-12 12:45:57,283 [NUnit.Fw.ParallelWorker#4] INFO  PageObjectModelFramework.basetest.BaseTest - Test Execution is Completed
2025-12-12 12:45:58,403 [NUnit.Fw.ParallelWorker#2] INFO  PageObjectModelFramework.basetest.BaseTest - BMW brand page opened
2025-12-12 12:46:01,073 [NUnit.Fw.ParallelWorker#1] ERROR PageObjectModelFramework.basetest.BaseTest - Test execution failed: element click intercepted: Element <a title="Kia" class="o-d o-os o-kY " href="/kia-cars/">...</a> is not clickable at point (690, 230). Other element would receive the click: <div class="o-j0 o-ef">...</div>
  (Session info: chrome=143.0.7499.41)
OpenQA.Selenium.ElementClickInterceptedException: element click intercepted: Element <a title="Kia" class="o-d o-os o-kY " href="/kia-cars/">...</a> is not clickable at point (690, 230). Other element would receive the click: <div class="o-j0 o-ef">...</div>
  (Session info: chrome=143.0.7499.41)
   at OpenQA.Selenium.WebDriver.UnpackAndThrowOnError(Response errorResponse, String commandToExecute)
   at OpenQA.Selenium.WebDriver.ExecuteAsync(String driverCommandToExecute, Dictionary`2 parameters)
   at OpenQA.Selenium.WebDriver.Execute(String driverCommandToExecute, Dictionary`2 parameters)
   at OpenQA.Selenium.WebElement.Execute(String commandToExecute, Dictionary`2 parameters)
   at OpenQA.Selenium.WebElement.Click()
   at SeleniumExtras.PageObjects.WebElementProxy.Click()
   at PageObjectModelFramework.pageobjects.NewCarPage.OpenCarBrandPage(String brandName) in D:\FrameworkCSharpEnhanced\PageObjectModelFramework\PageObjectModelFramework\PageObjects\NewCarPage.cs:line 61
   at PageObjectModelFramework.testcases.FindNewCarsTest.TestFindNewCar(String browser, String runmode, String carbrand, String cartitle, String carname) in D:\FrameworkCSharpEnhanced\PageObjectModelFramework\PageObjectModelFramework\Testcases\FindNewCarsTest.cs:line 30
2025-12-12 12:46:01,079 [NUnit.Fw.ParallelWorker#1] INFO  PageObjectModelFramework.basetest.BaseTest - Test Execution is Completed
2025-12-12 12:46:06,716 [NUnit.Fw.ParallelWorker#2] INFO  PageObjectModelFramework.basetest.BaseTest - Opened car name page for: BMW M5
2025-12-12 12:46:07,652 [NUnit.Fw.ParallelWorker#3] INFO  PageObjectModelFramework.basetest.BaseTest - Opened car name page for: Audi A4
2025-12-12 12:46:09,402 [NUnit.Fw.ParallelWorker#3] INFO  PageObjectModelFramework.basetest.BaseTest - Car price: Rs. 46.25 - 55.11 Lakh
2025-12-12 12:46:09,551 [NUnit.Fw.ParallelWorker#3] INFO  PageObjectModelFramework.basetest.BaseTest - Test completed successfully for Audi A4
2025-12-12 12:46:09,551 [NUnit.Fw.ParallelWorker#3] INFO  PageObjectModelFramework.basetest.BaseTest - Test Execution is Completed
2025-12-12 12:46:10,218 [NUnit.Fw.ParallelWorker#2] INFO  PageObjectModelFramework.basetest.BaseTest - Car price: Rs. 2.01 Crore
2025-12-12 12:46:10,235 [NUnit.Fw.ParallelWorker#2] INFO  PageObjectModelFramework.basetest.BaseTest - Test completed successfully for BMW M5
2025-12-12 12:46:10,235 [NUnit.Fw.ParallelWorker#2] INFO  PageObjectModelFramework.basetest.BaseTest - Test Execution is Completed
2025-12-12 12:46:24,312 [NUnit.Fw.ParallelWorker#3] INFO  PageObjectModelFramework.basetest.BaseTest - Test Execution Completed
2025-12-12 12:47:32,840 [NUnit.Fw.ParallelWorker#4] INFO  PageObjectModelFramework.basetest.BaseTest - Test Execution is Started
2025-12-12 12:47:32,840 [NUnit.Fw.ParallelWorker#2] INFO  PageObjectModelFramework.basetest.BaseTest - Test Execution is Started
2025-12-12 12:47:32,840 [NUnit.Fw.ParallelWorker#3] INFO  PageObjectModelFramework.basetest.BaseTest - Test Execution is Started
2025-12-12 12:47:32,840 [NUnit.Fw.ParallelWorker#1] INFO  PageObjectModelFramework.basetest.BaseTest - Test Execution is Started
2025-12-12 12:48:19,514 [NUnit.Fw.ParallelWorker#4] INFO  PageObjectModelFramework.basetest.BaseTest - New Cars page navigation completed
2025-12-12 12:48:27,185 [NUnit.Fw.ParallelWorker#4] INFO  PageObjectModelFramework.basetest.BaseTest - View Brand button clicked
2025-12-12 12:48:33,173 [NUnit.Fw.ParallelWorker#4] INFO  PageObjectModelFramework.basetest.BaseTest - Toyota brand page opened
2025-12-12 12:48:34,455 [NUnit.Fw.ParallelWorker#1] INFO  PageObjectModelFramework.basetest.BaseTest - New Cars page navigation completed
2025-12-12 12:48:39,624 [NUnit.Fw.ParallelWorker#1] INFO  PageObjectModelFramework.basetest.BaseTest - View Brand button clicked
2025-12-12 12:48:40,651 [NUnit.Fw.ParallelWorker#4] INFO  PageObjectModelFramework.basetest.BaseTest - Opened car name page for: Toyota Fortuner
2025-12-12 12:48:44,263 [NUnit.Fw.ParallelWorker#3] INFO  PageObjectModelFramework.basetest.BaseTest - New Cars page navigation completed
2025-12-12 12:48:46,322 [NUnit.Fw.ParallelWorker#1] INFO  PageObjectModelFramework.basetest.BaseTest - BMW brand page opened
2025-12-12 12:48:48,787 [NUnit.Fw.ParallelWorker#3] INFO  PageObjectModelFramework.basetest.BaseTest - View Brand button clicked
2025-12-12 12:48:49,003 [NUnit.Fw.ParallelWorker#4] INFO  PageObjectModelFramework.basetest.BaseTest - Car price: Rs. 33.65 - 48.85 Lakh
2025-12-12 12:48:49,068 [NUnit.Fw.ParallelWorker#4] INFO  PageObjectModelFramework.basetest.BaseTest - Test completed successfully for Toyota Fortuner
2025-12-12 12:48:49,071 [NUnit.Fw.ParallelWorker#4] INFO  PageObjectModelFramework.basetest.BaseTest - Test Execution is Completed
2025-12-12 12:48:50,053 [NUnit.Fw.ParallelWorker#2] INFO  PageObjectModelFramework.basetest.BaseTest - New Cars page navigation completed
2025-12-12 12:48:51,767 [NUnit.Fw.ParallelWorker#3] INFO  PageObjectModelFramework.basetest.BaseTest - Kia brand page opened
2025-12-12 12:48:55,586 [NUnit.Fw.ParallelWorker#1] INFO  PageObjectModelFramework.basetest.BaseTest - Opened car name page for: BMW M5
2025-12-12 12:49:01,387 [NUnit.Fw.ParallelWorker#2] INFO  PageObjectModelFramework.basetest.BaseTest - View Brand button clicked
2025-12-12 12:49:02,328 [NUnit.Fw.ParallelWorker#3] INFO  PageObjectModelFramework.basetest.BaseTest - Opened car name page for: Kia Sonet
2025-12-12 12:49:03,320 [NUnit.Fw.ParallelWorker#1] INFO  PageObjectModelFramework.basetest.BaseTest - Car price: Rs. 2.01 Crore
2025-12-12 12:49:03,358 [NUnit.Fw.ParallelWorker#1] INFO  PageObjectModelFramework.basetest.BaseTest - Test completed successfully for BMW M5
2025-12-12 12:49:03,359 [NUnit.Fw.ParallelWorker#1] INFO  PageObjectModelFramework.basetest.BaseTest - Test Execution is Completed
2025-12-12 12:49:05,626 [NUnit.Fw.ParallelWorker#3] INFO  PageObjectModelFramework.basetest.BaseTest - Car price: Rs. 7.30 - 14.09 Lakh
2025-12-12 12:49:05,640 [NUnit.Fw.ParallelWorker#3] INFO  PageObjectModelFramework.basetest.BaseTest - Test completed successfully for Kia Sonet
2025-12-12 12:49:05,641 [NUnit.Fw.ParallelWorker#3] INFO  PageObjectModelFramework.basetest.BaseTest - Test Execution is Completed
2025-12-12 12:49:06,703 [NUnit.Fw.ParallelWorker#2] INFO  PageObjectModelFramework.basetest.BaseTest - Audi brand page opened
2025-12-12 12:49:12,493 [NUnit.Fw.ParallelWorker#2] INFO  PageObjectModelFramework.basetest.BaseTest - Opened car name page for: Audi A4
2025-12-12 12:49:16,179 [NUnit.Fw.ParallelWorker#2] INFO  PageObjectModelFramework.basetest.BaseTest - Car price: Rs. 46.25 - 55.11 Lakh
2025-12-12 12:49:16,194 [NUnit.Fw.ParallelWorker#2] INFO  PageObjectModelFramework.basetest.BaseTest - Test completed successfully for Audi A4
2025-12-12 12:49:16,194 [NUnit.Fw.ParallelWorker#2] INFO  PageObjectModelFramework.basetest.BaseTest - Test Execution is Completed
2025-12-12 12:49:27,091 [NUnit.Fw.ParallelWorker#4] INFO  PageObjectModelFramework.basetest.BaseTest - Test Execution Completed
2025-12-15 11:49:48,925 [NUnit.Fw.ParallelWorker#1] INFO  PageObjectModelFramework.basetest.BaseTest - Test Execution is Started
2025-12-15 11:49:48,925 [NUnit.Fw.ParallelWorker#3] INFO  PageObjectModelFramework.basetest.BaseTest - Test Execution is Started
2025-12-15 11:49:48,925 [NUnit.Fw.ParallelWorker#4] INFO  PageObjectModelFramework.basetest.BaseTest - Test Execution is Started
2025-12-15 11:49:48,925 [NUnit.Fw.ParallelWorker#2] INFO  PageObjectModelFramework.basetest.BaseTest - Test Execution is Started
2025-12-15 11:49:53,537 [NUnit.Fw.ParallelWorker#4] INFO  PageObjectModelFramework.basetest.BaseTest - Test Execution is Completed
2025-12-15 11:49:53,537 [NUnit.Fw.ParallelWorker#3] INFO  PageObjectModelFramework.basetest.BaseTest - Test Execution is Completed
2025-12-15 11:49:53,537 [NUnit.Fw.ParallelWorker#1] INFO  PageObjectModelFramework.basetest.BaseTest - Test Execution is Completed
2025-12-15 11:49:53,537 [NUnit.Fw.ParallelWorker#2] INFO  PageObjectModelFramework.basetest.BaseTest - Test Execution is Completed
2025-12-15 11:50:04,915 [NUnit.Fw.ParallelWorker#1] INFO  PageObjectModelFramework.basetest.BaseTest - Test Execution Completed
2025-12-15 11:53:14,842 [NUnit.Fw.ParallelWorker#4] INFO  PageObjectModelFramework.basetest.BaseTest - Test Execution is Started
2025-12-15 11:53:37,351 [NUnit.Fw.ParallelWorker#4] ERROR PageObjectModelFramework.basetest.BaseTest - Test execution failed: Timed out after 10 seconds
OpenQA.Selenium.WebDriverTimeoutException: Timed out after 10 seconds
 ---> OpenQA.Selenium.NoSuchElementException: Could not find element by: By.XPath: //div[normalize-space()='NEW CARS']; For documentation on this error, please visit: https://www.selenium.dev/documentation/webdriver/troubleshooting/errors#nosuchelementexception
   at SeleniumExtras.PageObjects.DefaultElementLocator.LocateElement(IEnumerable`1 bys)
   at SeleniumExtras.PageObjects.WebElementProxy.get_WrappedElement()
   at SeleniumExtras.PageObjects.WebElementProxy.get_Displayed()
   at PageObjectModelFramework.utilities.WaitHelper.<>c__DisplayClass5_0.<WaitForElementToBeVisible>b__0(IWebDriver drv) in D:\FrameworkCSharpEnhanced\PageObjectModelFramework\PageObjectModelFramework\Utils\WaitHelper.cs:line 52
   at OpenQA.Selenium.Support.UI.DefaultWait`1.Until[TResult](Func`2 condition, CancellationToken token)
   --- End of inner exception stack trace ---
   at OpenQA.Selenium.Support.UI.DefaultWait`1.ThrowTimeoutException(String exceptionMessage, Exception lastException)
   at OpenQA.Selenium.Support.UI.DefaultWait`1.Until[TResult](Func`2 condition, CancellationToken token)
   at OpenQA.Selenium.Support.UI.DefaultWait`1.Until[TResult](Func`2 condition)
   at PageObjectModelFramework.utilities.WaitHelper.WaitForElementToBeVisible(IWebElement element, Int32 timeoutInSeconds) in D:\FrameworkCSharpEnhanced\PageObjectModelFramework\PageObjectModelFramework\Utils\WaitHelper.cs:line 48
   at PageObjectModelFramework.pageobjects.BasePage.WaitForElementToBeVisible(IWebElement element) in D:\FrameworkCSharpEnhanced\PageObjectModelFramework\PageObjectModelFramework\PageObjects\BasePage.cs:line 41
   at PageObjectModelFramework.pageobjects.HomePage.FindNewCar() in D:\FrameworkCSharpEnhanced\PageObjectModelFramework\PageObjectModelFramework\PageObjects\HomePage.cs:line 54
   at PageObjectModelFramework.testcases.FindNewCarsTest.TestFindNewCar(String browser, String runmode, String carbrand, String cartitle, String carname) in D:\FrameworkCSharpEnhanced\PageObjectModelFramework\PageObjectModelFramework\Testcases\FindNewCarsTest.cs:line 30
2025-12-15 11:53:37,415 [NUnit.Fw.ParallelWorker#4] INFO  PageObjectModelFramework.basetest.BaseTest - Test Execution is Completed
2025-12-15 11:53:49,480 [NUnit.Fw.ParallelWorker#1] INFO  PageObjectModelFramework.basetest.BaseTest - Test Execution Completed
2025-12-15 11:53:58,024 [NUnit.Fw.ParallelWorker#4] INFO  PageObjectModelFramework.basetest.BaseTest - Test Execution is Started
2025-12-15 11:54:16,104 [NUnit.Fw.ParallelWorker#4] ERROR PageObjectModelFramework.basetest.BaseTest - Test execution failed: Timed out after 10 seconds
OpenQA.Selenium.WebDriverTimeoutException: Timed out after 10 seconds
 ---> OpenQA.Selenium.NoSuchElementException: Could not find element by: By.XPath: //div[normalize-space()='NEW CARS']; For documentation on this error, please visit: https://www.selenium.dev/documentation/webdriver/troubleshooting/errors#nosuchelementexception
   at SeleniumExtras.PageObjects.DefaultElementLocator.LocateElement(IEnumerable`1 bys)
   at SeleniumExtras.PageObjects.WebElementProxy.get_WrappedElement()
   at SeleniumExtras.PageObjects.WebElementProxy.get_Displayed()
   at PageObjectModelFramework.utilities.WaitHelper.<>c__DisplayClass5_0.<WaitForElementToBeVisible>b__0(IWebDriver drv) in D:\FrameworkCSharpEnhanced\PageObjectModelFramework\PageObjectModelFramework\Utils\WaitHelper.cs:line 52
   at OpenQA.Selenium.Support.UI.DefaultWait`1.Until[TResult](Func`2 condition, CancellationToken token)
   --- End of inner exception stack trace ---
   at OpenQA.Selenium.Support.UI.DefaultWait`1.ThrowTimeoutException(String exceptionMessage, Exception lastException)
   at OpenQA.Selenium.Support.UI.DefaultWait`1.Until[TResult](Func`2 condition, CancellationToken token)
   at OpenQA.Selenium.Support.UI.DefaultWait`1.Until[TResult](Func`2 condition)
   at PageObjectModelFramework.utilities.WaitHelper.WaitForElementToBeVisible(IWebElement element, Int32 timeoutInSeconds) in D:\FrameworkCSharpEnhanced\PageObjectModelFramework\PageObjectModelFramework\Utils\WaitHelper.cs:line 48
   at PageObjectModelFramework.pageobjects.BasePage.WaitForElementToBeVisible(IWebElement element) in D:\FrameworkCSharpEnhanced\PageObjectModelFramework\PageObjectModelFramework\PageObjects\BasePage.cs:line 41
   at PageObjectModelFramework.pageobjects.HomePage.FindNewCar() in D:\FrameworkCSharpEnhanced\PageObjectModelFramework\PageObjectModelFramework\PageObjects\HomePage.cs:line 54
   at PageObjectModelFramework.testcases.FindNewCarsTest.TestFindNewCar(String browser, String runmode, String carbrand, String cartitle, String carname) in D:\FrameworkCSharpEnhanced\PageObjectModelFramework\PageObjectModelFramework\Testcases\FindNewCarsTest.cs:line 30
2025-12-15 11:54:16,120 [NUnit.Fw.ParallelWorker#4] INFO  PageObjectModelFramework.basetest.BaseTest - Test Execution is Completed
2025-12-15 11:54:30,302 [NUnit.Fw.ParallelWorker#2] INFO  PageObjectModelFramework.basetest.BaseTest - Test Execution Completed
2025-12-15 11:54:43,320 [NUnit.Fw.ParallelWorker#4] INFO  PageObjectModelFramework.basetest.BaseTest - Test Execution is Started
2025-12-15 11:55:02,219 [NUnit.Fw.ParallelWorker#4] ERROR PageObjectModelFramework.basetest.BaseTest - Test execution failed: Timed out after 10 seconds
OpenQA.Selenium.WebDriverTimeoutException: Timed out after 10 seconds
 ---> OpenQA.Selenium.NoSuchElementException: Could not find element by: By.XPath: //div[normalize-space()='NEW CARS']; For documentation on this error, please visit: https://www.selenium.dev/documentation/webdriver/troubleshooting/errors#nosuchelementexception
   at SeleniumExtras.PageObjects.DefaultElementLocator.LocateElement(IEnumerable`1 bys)
   at SeleniumExtras.PageObjects.WebElementProxy.get_WrappedElement()
   at SeleniumExtras.PageObjects.WebElementProxy.get_Displayed()
   at PageObjectModelFramework.utilities.WaitHelper.<>c__DisplayClass5_0.<WaitForElementToBeVisible>b__0(IWebDriver drv) in D:\FrameworkCSharpEnhanced\PageObjectModelFramework\PageObjectModelFramework\Utils\WaitHelper.cs:line 52
   at OpenQA.Selenium.Support.UI.DefaultWait`1.Until[TResult](Func`2 condition, CancellationToken token)
   --- End of inner exception stack trace ---
   at OpenQA.Selenium.Support.UI.DefaultWait`1.ThrowTimeoutException(String exceptionMessage, Exception lastException)
   at OpenQA.Selenium.Support.UI.DefaultWait`1.Until[TResult](Func`2 condition, CancellationToken token)
   at OpenQA.Selenium.Support.UI.DefaultWait`1.Until[TResult](Func`2 condition)
   at PageObjectModelFramework.utilities.WaitHelper.WaitForElementToBeVisible(IWebElement element, Int32 timeoutInSeconds) in D:\FrameworkCSharpEnhanced\PageObjectModelFramework\PageObjectModelFramework\Utils\WaitHelper.cs:line 48
   at PageObjectModelFramework.pageobjects.BasePage.WaitForElementToBeVisible(IWebElement element) in D:\FrameworkCSharpEnhanced\PageObjectModelFramework\PageObjectModelFramework\PageObjects\BasePage.cs:line 41
   at PageObjectModelFramework.pageobjects.HomePage.FindNewCar() in D:\FrameworkCSharpEnhanced\PageObjectModelFramework\PageObjectModelFramework\PageObjects\HomePage.cs:line 54
   at PageObjectModelFramework.testcases.FindNewCarsTest.TestFindNewCar(String browser, String runmode, String carbrand, String cartitle, String carname) in D:\FrameworkCSharpEnhanced\PageObjectModelFramework\PageObjectModelFramework\Testcases\FindNewCarsTest.cs:line 30
2025-12-15 11:55:02,239 [NUnit.Fw.ParallelWorker#4] INFO  PageObjectModelFramework.basetest.BaseTest - Test Execution is Completed
2025-12-15 11:55:12,450 [NUnit.Fw.ParallelWorker#1] INFO  PageObjectModelFramework.basetest.BaseTest - Test Execution Completed
2025-12-15 11:56:16,748 [NUnit.Fw.ParallelWorker#4] INFO  PageObjectModelFramework.basetest.BaseTest - Test Execution is Started
2025-12-15 11:56:46,299 [NUnit.Fw.ParallelWorker#4] ERROR PageObjectModelFramework.basetest.BaseTest - Test execution failed: Timed out after 10 seconds
OpenQA.Selenium.WebDriverTimeoutException: Timed out after 10 seconds
 ---> OpenQA.Selenium.NoSuchElementException: Could not find element by: By.XPath: //div[normalize-space()='NEW CARS']; For documentation on this error, please visit: https://www.selenium.dev/documentation/webdriver/troubleshooting/errors#nosuchelementexception
   at SeleniumExtras.PageObjects.DefaultElementLocator.LocateElement(IEnumerable`1 bys)
   at SeleniumExtras.PageObjects.WebElementProxy.get_WrappedElement()
   at SeleniumExtras.PageObjects.WebElementProxy.get_Displayed()
   at PageObjectModelFramework.utilities.WaitHelper.<>c__DisplayClass5_0.<WaitForElementToBeVisible>b__0(IWebDriver drv) in D:\FrameworkCSharpEnhanced\PageObjectModelFramework\PageObjectModelFramework\Utils\WaitHelper.cs:line 52
   at OpenQA.Selenium.Support.UI.DefaultWait`1.Until[TResult](Func`2 condition, CancellationToken token)
   --- End of inner exception stack trace ---
   at OpenQA.Selenium.Support.UI.DefaultWait`1.ThrowTimeoutException(String exceptionMessage, Exception lastException)
   at OpenQA.Selenium.Support.UI.DefaultWait`1.Until[TResult](Func`2 condition, CancellationToken token)
   at OpenQA.Selenium.Support.UI.DefaultWait`1.Until[TResult](Func`2 condition)
   at PageObjectModelFramework.utilities.WaitHelper.WaitForElementToBeVisible(IWebElement element, Int32 timeoutInSeconds) in D:\FrameworkCSharpEnhanced\PageObjectModelFramework\PageObjectModelFramework\Utils\WaitHelper.cs:line 48
   at PageObjectModelFramework.pageobjects.BasePage.WaitForElementToBeVisible(IWebElement element) in D:\FrameworkCSharpEnhanced\PageObjectModelFramework\PageObjectModelFramework\PageObjects\BasePage.cs:line 41
   at PageObjectModelFramework.pageobjects.HomePage.FindNewCar() in D:\FrameworkCSharpEnhanced\PageObjectModelFramework\PageObjectModelFramework\PageObjects\HomePage.cs:line 54
   at PageObjectModelFramework.testcases.FindNewCarsTest.TestFindNewCar(String browser, String runmode, String carbrand, String cartitle, String carname) in D:\FrameworkCSharpEnhanced\PageObjectModelFramework\PageObjectModelFramework\Testcases\FindNewCarsTest.cs:line 30
2025-12-15 11:56:46,522 [NUnit.Fw.ParallelWorker#4] INFO  PageObjectModelFramework.basetest.BaseTest - Test Execution is Completed
2025-12-15 11:57:13,133 [NUnit.Fw.ParallelWorker#1] INFO  PageObjectModelFramework.basetest.BaseTest - Test Execution Completed
2025-12-15 11:59:09,021 [NUnit.Fw.ParallelWorker#2] INFO  PageObjectModelFramework.basetest.BaseTest - Test Execution is Started
2025-12-15 11:59:28,004 [NUnit.Fw.ParallelWorker#2] ERROR PageObjectModelFramework.basetest.BaseTest - Test execution failed: Timed out after 10 seconds
OpenQA.Selenium.WebDriverTimeoutException: Timed out after 10 seconds
 ---> OpenQA.Selenium.NoSuchElementException: Could not find element by: By.XPath: //div[normalize-space()='NEW CARS']; For documentation on this error, please visit: https://www.selenium.dev/documentation/webdriver/troubleshooting/errors#nosuchelementexception
   at SeleniumExtras.PageObjects.DefaultElementLocator.LocateElement(IEnumerable`1 bys)
   at SeleniumExtras.PageObjects.WebElementProxy.get_WrappedElement()
   at SeleniumExtras.PageObjects.WebElementProxy.get_Displayed()
   at PageObjectModelFramework.utilities.WaitHelper.<>c__DisplayClass5_0.<WaitForElementToBeVisible>b__0(IWebDriver drv) in D:\FrameworkCSharpEnhanced\PageObjectModelFramework\PageObjectModelFramework\Utils\WaitHelper.cs:line 52
   at OpenQA.Selenium.Support.UI.DefaultWait`1.Until[TResult](Func`2 condition, CancellationToken token)
   --- End of inner exception stack trace ---
   at OpenQA.Selenium.Support.UI.DefaultWait`1.ThrowTimeoutException(String exceptionMessage, Exception lastException)
   at OpenQA.Selenium.Support.UI.DefaultWait`1.Until[TResult](Func`2 condition, CancellationToken token)
   at OpenQA.Selenium.Support.UI.DefaultWait`1.Until[TResult](Func`2 condition)
   at PageObjectModelFramework.utilities.WaitHelper.WaitForElementToBeVisible(IWebElement element, Int32 timeoutInSeconds) in D:\FrameworkCSharpEnhanced\PageObjectModelFramework\PageObjectModelFramework\Utils\WaitHelper.cs:line 48
   at PageObjectModelFramework.pageobjects.BasePage.WaitForElementToBeVisible(IWebElement element) in D:\FrameworkCSharpEnhanced\PageObjectModelFramework\PageObjectModelFramework\PageObjects\BasePage.cs:line 41
   at PageObjectModelFramework.pageobjects.HomePage.FindNewCar() in D:\FrameworkCSharpEnhanced\PageObjectModelFramework\PageObjectModelFramework\PageObjects\HomePage.cs:line 54
   at PageObjectModelFramework.testcases.FindNewCarsTest.TestFindNewCar(String browser, String runmode, String carbrand, String cartitle, String carname) in D:\FrameworkCSharpEnhanced\PageObjectModelFramework\PageObjectModelFramework\Testcases\FindNewCarsTest.cs:line 30
2025-12-15 11:59:28,038 [NUnit.Fw.ParallelWorker#2] INFO  PageObjectModelFramework.basetest.BaseTest - Test Execution is Completed
2025-12-15 11:59:40,893 [NUnit.Fw.ParallelWorker#3] INFO  PageObjectModelFramework.basetest.BaseTest - Test Execution Completed
2025-12-15 12:23:29,171 [NUnit.Fw.ParallelWorker#1] INFO  PageObjectModelFramework.basetest.BaseTest - Test Execution is Started
2025-12-15 12:23:47,973 [NUnit.Fw.ParallelWorker#1] ERROR PageObjectModelFramework.basetest.BaseTest - Test execution failed: Timed out after 10 seconds
OpenQA.Selenium.WebDriverTimeoutException: Timed out after 10 seconds
 ---> OpenQA.Selenium.NoSuchElementException: Could not find element by: By.XPath: //div[normalize-space()='NEW CARS']; For documentation on this error, please visit: https://www.selenium.dev/documentation/webdriver/troubleshooting/errors#nosuchelementexception
   at SeleniumExtras.PageObjects.DefaultElementLocator.LocateElement(IEnumerable`1 bys)
   at SeleniumExtras.PageObjects.WebElementProxy.get_WrappedElement()
   at SeleniumExtras.PageObjects.WebElementProxy.get_Displayed()
   at PageObjectModelFramework.utilities.WaitHelper.<>c__DisplayClass5_0.<WaitForElementToBeVisible>b__0(IWebDriver drv) in D:\FrameworkCSharpEnhanced\PageObjectModelFramework\PageObjectModelFramework\Utils\WaitHelper.cs:line 52
   at OpenQA.Selenium.Support.UI.DefaultWait`1.Until[TResult](Func`2 condition, CancellationToken token)
   --- End of inner exception stack trace ---
   at OpenQA.Selenium.Support.UI.DefaultWait`1.ThrowTimeoutException(String exceptionMessage, Exception lastException)
   at OpenQA.Selenium.Support.UI.DefaultWait`1.Until[TResult](Func`2 condition, CancellationToken token)
   at OpenQA.Selenium.Support.UI.DefaultWait`1.Until[TResult](Func`2 condition)
   at PageObjectModelFramework.utilities.WaitHelper.WaitForElementToBeVisible(IWebElement element, Int32 timeoutInSeconds) in D:\FrameworkCSharpEnhanced\PageObjectModelFramework\PageObjectModelFramework\Utils\WaitHelper.cs:line 48
   at PageObjectModelFramework.pageobjects.BasePage.WaitForElementToBeVisible(IWebElement element) in D:\FrameworkCSharpEnhanced\PageObjectModelFramework\PageObjectModelFramework\PageObjects\BasePage.cs:line 41
   at PageObjectModelFramework.pageobjects.HomePage.FindNewCar() in D:\FrameworkCSharpEnhanced\PageObjectModelFramework\PageObjectModelFramework\PageObjects\HomePage.cs:line 54
   at PageObjectModelFramework.testcases.FindNewCarsTest.TestFindNewCar(String browser, String runmode, String carbrand, String cartitle, String carname) in D:\FrameworkCSharpEnhanced\PageObjectModelFramework\PageObjectModelFramework\Testcases\FindNewCarsTest.cs:line 30
2025-12-15 12:23:48,001 [NUnit.Fw.ParallelWorker#1] INFO  PageObjectModelFramework.basetest.BaseTest - Test Execution is Completed
2025-12-15 12:23:59,024 [NUnit.Fw.ParallelWorker#3] INFO  PageObjectModelFramework.basetest.BaseTest - Test Execution Completed
2025-12-15 12:24:04,685 [NUnit.Fw.ParallelWorker#1] INFO  PageObjectModelFramework.basetest.BaseTest - Test Execution is Started
2025-12-15 12:24:41,114 [NUnit.Fw.ParallelWorker#1] ERROR PageObjectModelFramework.basetest.BaseTest - Test execution failed: Timed out after 10 seconds
OpenQA.Selenium.WebDriverTimeoutException: Timed out after 10 seconds
 ---> OpenQA.Selenium.NoSuchElementException: Could not find element by: By.XPath: //div[text()='Find New Cars']; For documentation on this error, please visit: https://www.selenium.dev/documentation/webdriver/troubleshooting/errors#nosuchelementexception
   at SeleniumExtras.PageObjects.DefaultElementLocator.LocateElement(IEnumerable`1 bys)
   at SeleniumExtras.PageObjects.WebElementProxy.get_WrappedElement()
   at SeleniumExtras.PageObjects.WebElementProxy.get_Enabled()
   at PageObjectModelFramework.utilities.WaitHelper.<>c__DisplayClass4_0.<WaitForElementToBeClickable>b__0(IWebDriver drv) in D:\FrameworkCSharpEnhanced\PageObjectModelFramework\PageObjectModelFramework\Utils\WaitHelper.cs:line 33
   at OpenQA.Selenium.Support.UI.DefaultWait`1.Until[TResult](Func`2 condition, CancellationToken token)
   --- End of inner exception stack trace ---
   at OpenQA.Selenium.Support.UI.DefaultWait`1.ThrowTimeoutException(String exceptionMessage, Exception lastException)
   at OpenQA.Selenium.Support.UI.DefaultWait`1.Until[TResult](Func`2 condition, CancellationToken token)
   at OpenQA.Selenium.Support.UI.DefaultWait`1.Until[TResult](Func`2 condition)
   at PageObjectModelFramework.utilities.WaitHelper.WaitForElementToBeClickable(IWebElement element, Int32 timeoutInSeconds) in D:\FrameworkCSharpEnhanced\PageObjectModelFramework\PageObjectModelFramework\Utils\WaitHelper.cs:line 29
   at PageObjectModelFramework.pageobjects.BasePage.WaitForElementToBeClickable(IWebElement element) in D:\FrameworkCSharpEnhanced\PageObjectModelFramework\PageObjectModelFramework\PageObjects\BasePage.cs:line 35
   at PageObjectModelFramework.pageobjects.HomePage.FindNewCar() in D:\FrameworkCSharpEnhanced\PageObjectModelFramework\PageObjectModelFramework\PageObjects\HomePage.cs:line 57
   at PageObjectModelFramework.testcases.FindNewCarsTest.TestFindNewCar(String browser, String runmode, String carbrand, String cartitle, String carname) in D:\FrameworkCSharpEnhanced\PageObjectModelFramework\PageObjectModelFramework\Testcases\FindNewCarsTest.cs:line 30
2025-12-15 12:24:41,155 [NUnit.Fw.ParallelWorker#1] INFO  PageObjectModelFramework.basetest.BaseTest - Test Execution is Completed
2025-12-15 12:24:57,398 [NUnit.Fw.ParallelWorker#4] INFO  PageObjectModelFramework.basetest.BaseTest - Test Execution Completed
2025-12-15 12:30:36,579 [NUnit.Fw.ParallelWorker#3] INFO  PageObjectModelFramework.basetest.BaseTest - Test Execution is Started
2025-12-15 12:31:13,190 [NUnit.Fw.ParallelWorker#3] ERROR PageObjectModelFramework.basetest.BaseTest - Test execution failed: Failed to decode response from marionette
OpenQA.Selenium.UnknownErrorException: Failed to decode response from marionette
   at OpenQA.Selenium.WebDriver.UnpackAndThrowOnError(Response errorResponse, String commandToExecute)
   at OpenQA.Selenium.WebDriver.ExecuteAsync(String driverCommandToExecute, Dictionary`2 parameters)
   at OpenQA.Selenium.WebDriver.Execute(String driverCommandToExecute, Dictionary`2 parameters)
   at OpenQA.Selenium.WebDriver.FindElement(String mechanism, String value)
   at OpenQA.Selenium.By.<.ctor>b__6_0(ISearchContext context)
   at OpenQA.Selenium.By.FindElement(ISearchContext context)
   at OpenQA.Selenium.WebDriver.FindElement(By by)
   at SeleniumExtras.PageObjects.DefaultElementLocator.LocateElement(IEnumerable`1 bys)
   at SeleniumExtras.PageObjects.WebElementProxy.get_WrappedElement()
   at SeleniumExtras.PageObjects.WebElementProxy.get_Displayed()
   at PageObjectModelFramework.utilities.WaitHelper.<>c__DisplayClass5_0.<WaitForElementToBeVisible>b__0(IWebDriver drv) in D:\FrameworkCSharpEnhanced\PageObjectModelFramework\PageObjectModelFramework\Utils\WaitHelper.cs:line 52
   at OpenQA.Selenium.Support.UI.DefaultWait`1.Until[TResult](Func`2 condition, CancellationToken token)
   at OpenQA.Selenium.Support.UI.DefaultWait`1.Until[TResult](Func`2 condition)
   at PageObjectModelFramework.utilities.WaitHelper.WaitForElementToBeVisible(IWebElement element, Int32 timeoutInSeconds) in D:\FrameworkCSharpEnhanced\PageObjectModelFramework\PageObjectModelFramework\Utils\WaitHelper.cs:line 48
   at PageObjectModelFramework.pageobjects.BasePage.WaitForElementToBeVisible(IWebElement element) in D:\FrameworkCSharpEnhanced\PageObjectModelFramework\PageObjectModelFramework\PageObjects\BasePage.cs:line 41
   at PageObjectModelFramework.pageobjects.HomePage.FindNewCar() in D:\FrameworkCSharpEnhanced\PageObjectModelFramework\PageObjectModelFramework\PageObjects\HomePage.cs:line 54
   at PageObjectModelFramework.testcases.FindNewCarsTest.TestFindNewCar(String browser, String runmode, String carbrand, String cartitle, String carname) in D:\FrameworkCSharpEnhanced\PageObjectModelFramework\PageObjectModelFramework\Testcases\FindNewCarsTest.cs:line 30
2025-12-15 12:31:13,264 [NUnit.Fw.ParallelWorker#3] INFO  PageObjectModelFramework.basetest.BaseTest - Test Execution is Completed
2025-12-15 12:31:27,637 [NUnit.Fw.ParallelWorker#1] INFO  PageObjectModelFramework.basetest.BaseTest - Test Execution Completed
2025-12-15 12:31:44,054 [NUnit.Fw.ParallelWorker#2] INFO  PageObjectModelFramework.basetest.BaseTest - Test Execution is Started
2025-12-15 12:32:11,202 [NUnit.Fw.ParallelWorker#2] ERROR PageObjectModelFramework.basetest.BaseTest - Test execution failed: Timed out after 10 seconds
OpenQA.Selenium.WebDriverTimeoutException: Timed out after 10 seconds
 ---> OpenQA.Selenium.NoSuchElementException: Could not find element by: By.XPath: //div[normalize-space()='NEW CARS']; For documentation on this error, please visit: https://www.selenium.dev/documentation/webdriver/troubleshooting/errors#nosuchelementexception
   at SeleniumExtras.PageObjects.DefaultElementLocator.LocateElement(IEnumerable`1 bys)
   at SeleniumExtras.PageObjects.WebElementProxy.get_WrappedElement()
   at SeleniumExtras.PageObjects.WebElementProxy.get_Displayed()
   at PageObjectModelFramework.utilities.WaitHelper.<>c__DisplayClass5_0.<WaitForElementToBeVisible>b__0(IWebDriver drv) in D:\FrameworkCSharpEnhanced\PageObjectModelFramework\PageObjectModelFramework\Utils\WaitHelper.cs:line 52
   at OpenQA.Selenium.Support.UI.DefaultWait`1.Until[TResult](Func`2 condition, CancellationToken token)
   --- End of inner exception stack trace ---
   at OpenQA.Selenium.Support.UI.DefaultWait`1.ThrowTimeoutException(String exceptionMessage, Exception lastException)
   at OpenQA.Selenium.Support.UI.DefaultWait`1.Until[TResult](Func`2 condition, CancellationToken token)
   at OpenQA.Selenium.Support.UI.DefaultWait`1.Until[TResult](Func`2 condition)
   at PageObjectModelFramework.utilities.WaitHelper.WaitForElementToBeVisible(IWebElement element, Int32 timeoutInSeconds) in D:\FrameworkCSharpEnhanced\PageObjectModelFramework\PageObjectModelFramework\Utils\WaitHelper.cs:line 48
   at PageObjectModelFramework.pageobjects.BasePage.WaitForElementToBeVisible(IWebElement element) in D:\FrameworkCSharpEnhanced\PageObjectModelFramework\PageObjectModelFramework\PageObjects\BasePage.cs:line 41
   at PageObjectModelFramework.pageobjects.HomePage.FindNewCar() in D:\FrameworkCSharpEnhanced\PageObjectModelFramework\PageObjectModelFramework\PageObjects\HomePage.cs:line 54
   at PageObjectModelFramework.testcases.FindNewCarsTest.TestFindNewCar(String browser, String runmode, String carbrand, String cartitle, String carname) in D:\FrameworkCSharpEnhanced\PageObjectModelFramework\PageObjectModelFramework\Testcases\FindNewCarsTest.cs:line 30
2025-12-15 12:32:11,261 [NUnit.Fw.ParallelWorker#2] INFO  PageObjectModelFramework.basetest.BaseTest - Test Execution is Completed
2025-12-15 12:32:25,901 [NUnit.Fw.ParallelWorker#3] INFO  PageObjectModelFramework.basetest.BaseTest - Test Execution Completed
2025-12-15 12:32:30,861 [NUnit.Fw.ParallelWorker#1] INFO  PageObjectModelFramework.basetest.BaseTest - Test Execution is Started
2025-12-15 12:32:45,320 [NUnit.Fw.ParallelWorker#1] ERROR PageObjectModelFramework.basetest.BaseTest - Test execution failed: The element with the reference 752defef-4a30-433c-9cf1-73272422bbd0 is stale; either its node document is not the active document, or it is no longer connected to the DOM; For documentation on this error, please visit: https://www.selenium.dev/documentation/webdriver/troubleshooting/errors#staleelementreferenceexception
OpenQA.Selenium.StaleElementReferenceException: The element with the reference 752defef-4a30-433c-9cf1-73272422bbd0 is stale; either its node document is not the active document, or it is no longer connected to the DOM; For documentation on this error, please visit: https://www.selenium.dev/documentation/webdriver/troubleshooting/errors#staleelementreferenceexception
   at OpenQA.Selenium.WebDriver.UnpackAndThrowOnError(Response errorResponse, String commandToExecute)
   at OpenQA.Selenium.WebDriver.ExecuteAsync(String driverCommandToExecute, Dictionary`2 parameters)
   at OpenQA.Selenium.WebDriver.Execute(String driverCommandToExecute, Dictionary`2 parameters)
   at OpenQA.Selenium.WebDriver.PerformActions(IList`1 actionSequenceList)
   at OpenQA.Selenium.Interactions.Actions.Perform()
   at PageObjectModelFramework.pageobjects.HomePage.FindNewCar() in D:\FrameworkCSharpEnhanced\PageObjectModelFramework\PageObjectModelFramework\PageObjects\HomePage.cs:line 55
   at PageObjectModelFramework.testcases.FindNewCarsTest.TestFindNewCar(String browser, String runmode, String carbrand, String cartitle, String carname) in D:\FrameworkCSharpEnhanced\PageObjectModelFramework\PageObjectModelFramework\Testcases\FindNewCarsTest.cs:line 30
2025-12-15 12:32:45,376 [NUnit.Fw.ParallelWorker#1] INFO  PageObjectModelFramework.basetest.BaseTest - Test Execution is Completed
2025-12-15 12:32:58,451 [NUnit.Fw.ParallelWorker#3] INFO  PageObjectModelFramework.basetest.BaseTest - Test Execution Completed
2025-12-15 12:33:12,932 [NUnit.Fw.ParallelWorker#3] INFO  PageObjectModelFramework.basetest.BaseTest - Test Execution is Started
2025-12-15 12:33:31,060 [NUnit.Fw.ParallelWorker#3] ERROR PageObjectModelFramework.basetest.BaseTest - Test execution failed: Failed to decode response from marionette
OpenQA.Selenium.UnknownErrorException: Failed to decode response from marionette
   at OpenQA.Selenium.WebDriver.UnpackAndThrowOnError(Response errorResponse, String commandToExecute)
   at OpenQA.Selenium.WebDriver.ExecuteAsync(String driverCommandToExecute, Dictionary`2 parameters)
   at OpenQA.Selenium.WebDriver.Execute(String driverCommandToExecute, Dictionary`2 parameters)
   at OpenQA.Selenium.WebDriver.FindElement(String mechanism, String value)
   at OpenQA.Selenium.By.<.ctor>b__6_0(ISearchContext context)
   at OpenQA.Selenium.By.FindElement(ISearchContext context)
   at OpenQA.Selenium.WebDriver.FindElement(By by)
   at SeleniumExtras.PageObjects.DefaultElementLocator.LocateElement(IEnumerable`1 bys)
   at SeleniumExtras.PageObjects.WebElementProxy.get_WrappedElement()
   at SeleniumExtras.PageObjects.WebElementProxy.get_Displayed()
   at PageObjectModelFramework.utilities.WaitHelper.<>c__DisplayClass5_0.<WaitForElementToBeVisible>b__0(IWebDriver drv) in D:\FrameworkCSharpEnhanced\PageObjectModelFramework\PageObjectModelFramework\Utils\WaitHelper.cs:line 52
   at OpenQA.Selenium.Support.UI.DefaultWait`1.Until[TResult](Func`2 condition, CancellationToken token)
   at OpenQA.Selenium.Support.UI.DefaultWait`1.Until[TResult](Func`2 condition)
   at PageObjectModelFramework.utilities.WaitHelper.WaitForElementToBeVisible(IWebElement element, Int32 timeoutInSeconds) in D:\FrameworkCSharpEnhanced\PageObjectModelFramework\PageObjectModelFramework\Utils\WaitHelper.cs:line 48
   at PageObjectModelFramework.pageobjects.BasePage.WaitForElementToBeVisible(IWebElement element) in D:\FrameworkCSharpEnhanced\PageObjectModelFramework\PageObjectModelFramework\PageObjects\BasePage.cs:line 41
   at PageObjectModelFramework.pageobjects.HomePage.FindNewCar() in D:\FrameworkCSharpEnhanced\PageObjectModelFramework\PageObjectModelFramework\PageObjects\HomePage.cs:line 54
   at PageObjectModelFramework.testcases.FindNewCarsTest.TestFindNewCar(String browser, String runmode, String carbrand, String cartitle, String carname) in D:\FrameworkCSharpEnhanced\PageObjectModelFramework\PageObjectModelFramework\Testcases\FindNewCarsTest.cs:line 30
2025-12-15 12:33:31,089 [NUnit.Fw.ParallelWorker#3] INFO  PageObjectModelFramework.basetest.BaseTest - Test Execution is Completed
2025-12-15 12:33:42,042 [NUnit.Fw.ParallelWorker#1] INFO  PageObjectModelFramework.basetest.BaseTest - Test Execution Completed
2025-12-15 12:33:49,764 [NUnit.Fw.ParallelWorker#1] INFO  PageObjectModelFramework.basetest.BaseTest - Test Execution is Started
2025-12-15 12:34:21,343 [NUnit.Fw.ParallelWorker#1] ERROR PageObjectModelFramework.basetest.BaseTest - Test execution failed: Timed out after 10 seconds
OpenQA.Selenium.WebDriverTimeoutException: Timed out after 10 seconds
 ---> OpenQA.Selenium.NoSuchElementException: Could not find element by: By.XPath: //div[text()='Find New Cars']; For documentation on this error, please visit: https://www.selenium.dev/documentation/webdriver/troubleshooting/errors#nosuchelementexception
   at SeleniumExtras.PageObjects.DefaultElementLocator.LocateElement(IEnumerable`1 bys)
   at SeleniumExtras.PageObjects.WebElementProxy.get_WrappedElement()
   at SeleniumExtras.PageObjects.WebElementProxy.get_Enabled()
   at PageObjectModelFramework.utilities.WaitHelper.<>c__DisplayClass4_0.<WaitForElementToBeClickable>b__0(IWebDriver drv) in D:\FrameworkCSharpEnhanced\PageObjectModelFramework\PageObjectModelFramework\Utils\WaitHelper.cs:line 33
   at OpenQA.Selenium.Support.UI.DefaultWait`1.Until[TResult](Func`2 condition, CancellationToken token)
   --- End of inner exception stack trace ---
   at OpenQA.Selenium.Support.UI.DefaultWait`1.ThrowTimeoutException(String exceptionMessage, Exception lastException)
   at OpenQA.Selenium.Support.UI.DefaultWait`1.Until[TResult](Func`2 condition, CancellationToken token)
   at OpenQA.Selenium.Support.UI.DefaultWait`1.Until[TResult](Func`2 condition)
   at PageObjectModelFramework.utilities.WaitHelper.WaitForElementToBeClickable(IWebElement element, Int32 timeoutInSeconds) in D:\FrameworkCSharpEnhanced\PageObjectModelFramework\PageObjectModelFramework\Utils\WaitHelper.cs:line 29
   at PageObjectModelFramework.pageobjects.BasePage.WaitForElementToBeClickable(IWebElement element) in D:\FrameworkCSharpEnhanced\PageObjectModelFramework\PageObjectModelFramework\PageObjects\BasePage.cs:line 35
   at PageObjectModelFramework.pageobjects.HomePage.FindNewCar() in D:\FrameworkCSharpEnhanced\PageObjectModelFramework\PageObjectModelFramework\PageObjects\HomePage.cs:line 57
   at PageObjectModelFramework.testcases.FindNewCarsTest.TestFindNewCar(String browser, String runmode, String carbrand, String cartitle, String carname) in D:\FrameworkCSharpEnhanced\PageObjectModelFramework\PageObjectModelFramework\Testcases\FindNewCarsTest.cs:line 30
2025-12-15 12:34:21,376 [NUnit.Fw.ParallelWorker#1] INFO  PageObjectModelFramework.basetest.BaseTest - Test Execution is Completed
2025-12-15 12:34:33,528 [NUnit.Fw.ParallelWorker#2] INFO  PageObjectModelFramework.basetest.BaseTest - Test Execution Completed
2025-12-15 12:49:51,348 [NUnit.Fw.ParallelWorker#3] INFO  PageObjectModelFramework.basetest.BaseTest - Test Execution is Started
2025-12-15 12:50:10,197 [NUnit.Fw.ParallelWorker#3] ERROR PageObjectModelFramework.basetest.BaseTest - Test execution failed: Timed out after 10 seconds
OpenQA.Selenium.WebDriverTimeoutException: Timed out after 10 seconds
 ---> OpenQA.Selenium.NoSuchElementException: Could not find element by: By.XPath: //div[normalize-space()='NEW CARS']; For documentation on this error, please visit: https://www.selenium.dev/documentation/webdriver/troubleshooting/errors#nosuchelementexception
   at SeleniumExtras.PageObjects.DefaultElementLocator.LocateElement(IEnumerable`1 bys)
   at SeleniumExtras.PageObjects.WebElementProxy.get_WrappedElement()
   at SeleniumExtras.PageObjects.WebElementProxy.get_Displayed()
   at PageObjectModelFramework.utilities.WaitHelper.<>c__DisplayClass5_0.<WaitForElementToBeVisible>b__0(IWebDriver drv) in D:\FrameworkCSharpEnhanced\PageObjectModelFramework\PageObjectModelFramework\Utils\WaitHelper.cs:line 52
   at OpenQA.Selenium.Support.UI.DefaultWait`1.Until[TResult](Func`2 condition, CancellationToken token)
   --- End of inner exception stack trace ---
   at OpenQA.Selenium.Support.UI.DefaultWait`1.ThrowTimeoutException(String exceptionMessage, Exception lastException)
   at OpenQA.Selenium.Support.UI.DefaultWait`1.Until[TResult](Func`2 condition, CancellationToken token)
   at OpenQA.Selenium.Support.UI.DefaultWait`1.Until[TResult](Func`2 condition)
   at PageObjectModelFramework.utilities.WaitHelper.WaitForElementToBeVisible(IWebElement element, Int32 timeoutInSeconds) in D:\FrameworkCSharpEnhanced\PageObjectModelFramework\PageObjectModelFramework\Utils\WaitHelper.cs:line 48
   at PageObjectModelFramework.pageobjects.BasePage.WaitForElementToBeVisible(IWebElement element) in D:\FrameworkCSharpEnhanced\PageObjectModelFramework\PageObjectModelFramework\PageObjects\BasePage.cs:line 41
   at PageObjectModelFramework.pageobjects.HomePage.FindNewCar() in D:\FrameworkCSharpEnhanced\PageObjectModelFramework\PageObjectModelFramework\PageObjects\HomePage.cs:line 54
   at PageObjectModelFramework.testcases.FindNewCarsTest.TestFindNewCar(String browser, String runmode, String carbrand, String cartitle, String carname) in D:\FrameworkCSharpEnhanced\PageObjectModelFramework\PageObjectModelFramework\Testcases\FindNewCarsTest.cs:line 30
2025-12-15 12:50:10,247 [NUnit.Fw.ParallelWorker#3] INFO  PageObjectModelFramework.basetest.BaseTest - Test Execution is Completed
2025-12-15 12:50:22,488 [NUnit.Fw.ParallelWorker#4] INFO  PageObjectModelFramework.basetest.BaseTest - Test Execution Completed
2025-12-15 14:04:21,580 [NUnit.Fw.ParallelWorker#4] INFO  PageObjectModelFramework.basetest.BaseTest - Test Execution is Started
2025-12-15 14:04:33,577 [NUnit.Fw.ParallelWorker#4] INFO  PageObjectModelFramework.basetest.BaseTest - New Cars page navigation completed
2025-12-15 14:04:34,445 [NUnit.Fw.ParallelWorker#4] INFO  PageObjectModelFramework.basetest.BaseTest - View Brand button clicked
2025-12-15 14:04:36,685 [NUnit.Fw.ParallelWorker#4] ERROR PageObjectModelFramework.basetest.BaseTest - Test execution failed: element click intercepted: Element <a title="Kia" class="o-d o-os o-kY " href="/kia-cars/">...</a> is not clickable at point (922, 316). Other element would receive the click: <div class=" o-C">...</div>
  (Session info: chrome=143.0.7499.42)
OpenQA.Selenium.ElementClickInterceptedException: element click intercepted: Element <a title="Kia" class="o-d o-os o-kY " href="/kia-cars/">...</a> is not clickable at point (922, 316). Other element would receive the click: <div class=" o-C">...</div>
  (Session info: chrome=143.0.7499.42)
   at OpenQA.Selenium.WebDriver.UnpackAndThrowOnError(Response errorResponse, String commandToExecute)
   at OpenQA.Selenium.WebDriver.ExecuteAsync(String driverCommandToExecute, Dictionary`2 parameters)
   at OpenQA.Selenium.WebDriver.Execute(String driverCommandToExecute, Dictionary`2 parameters)
   at OpenQA.Selenium.WebElement.Execute(String commandToExecute, Dictionary`2 parameters)
   at OpenQA.Selenium.WebElement.Click()
   at SeleniumExtras.PageObjects.WebElementProxy.Click()
   at PageObjectModelFramework.pageobjects.NewCarPage.OpenCarBrandPage(String brandName) in D:\FrameworkCSharpEnhanced\PageObjectModelFramework\PageObjectModelFramework\PageObjects\NewCarPage.cs:line 61
   at PageObjectModelFramework.testcases.FindNewCarsTest.TestFindNewCar(String browser, String runmode, String carbrand, String cartitle, String carname) in D:\FrameworkCSharpEnhanced\PageObjectModelFramework\PageObjectModelFramework\Testcases\FindNewCarsTest.cs:line 30
2025-12-15 14:04:36,752 [NUnit.Fw.ParallelWorker#4] INFO  PageObjectModelFramework.basetest.BaseTest - Test Execution is Completed
2025-12-15 14:04:51,070 [NUnit.Fw.ParallelWorker#1] INFO  PageObjectModelFramework.basetest.BaseTest - Test Execution Completed
2025-12-15 14:05:08,663 [NUnit.Fw.ParallelWorker#2] INFO  PageObjectModelFramework.basetest.BaseTest - Test Execution is Started
2025-12-15 14:05:19,397 [NUnit.Fw.ParallelWorker#2] INFO  PageObjectModelFramework.basetest.BaseTest - New Cars page navigation completed
2025-12-15 14:05:20,226 [NUnit.Fw.ParallelWorker#2] INFO  PageObjectModelFramework.basetest.BaseTest - View Brand button clicked
2025-12-15 14:05:20,962 [NUnit.Fw.ParallelWorker#2] INFO  PageObjectModelFramework.basetest.BaseTest - Kia brand page opened
2025-12-15 14:05:23,180 [NUnit.Fw.ParallelWorker#2] INFO  PageObjectModelFramework.basetest.BaseTest - Opened car name page for: Kia Sonet
2025-12-15 14:05:25,893 [NUnit.Fw.ParallelWorker#2] INFO  PageObjectModelFramework.basetest.BaseTest - Car price: Rs. 7.30 - 14.09 Lakh
2025-12-15 14:05:26,430 [NUnit.Fw.ParallelWorker#2] INFO  PageObjectModelFramework.basetest.BaseTest - Test completed successfully for Kia Sonet
2025-12-15 14:05:26,440 [NUnit.Fw.ParallelWorker#2] INFO  PageObjectModelFramework.basetest.BaseTest - Test Execution is Completed
2025-12-15 14:05:35,965 [NUnit.Fw.ParallelWorker#4] INFO  PageObjectModelFramework.basetest.BaseTest - Test Execution Completed
2025-12-15 17:11:19,038 [NUnit.Fw.ParallelWorker#4] INFO  PageObjectModelFramework.basetest.BaseTest - Test Execution is Started
2025-12-15 17:11:19,038 [NUnit.Fw.ParallelWorker#1] INFO  PageObjectModelFramework.basetest.BaseTest - Test Execution is Started
2025-12-15 17:11:19,038 [NUnit.Fw.ParallelWorker#3] INFO  PageObjectModelFramework.basetest.BaseTest - Test Execution is Started
2025-12-15 17:11:19,038 [NUnit.Fw.ParallelWorker#2] INFO  PageObjectModelFramework.basetest.BaseTest - Test Execution is Started
2025-12-15 17:12:14,482 [NUnit.Fw.ParallelWorker#2] INFO  PageObjectModelFramework.basetest.BaseTest - New Cars page navigation completed
2025-12-15 17:12:14,546 [NUnit.Fw.ParallelWorker#4] INFO  PageObjectModelFramework.basetest.BaseTest - New Cars page navigation completed
2025-12-15 17:12:16,185 [NUnit.Fw.ParallelWorker#1] ERROR PageObjectModelFramework.basetest.BaseTest - Test execution failed: Timed out after 10 seconds
OpenQA.Selenium.WebDriverTimeoutException: Timed out after 10 seconds
 ---> OpenQA.Selenium.NoSuchElementException: Could not find element by: By.XPath: //div[text()='Find New Cars']; For documentation on this error, please visit: https://www.selenium.dev/documentation/webdriver/troubleshooting/errors#nosuchelementexception
   at SeleniumExtras.PageObjects.DefaultElementLocator.LocateElement(IEnumerable`1 bys)
   at SeleniumExtras.PageObjects.WebElementProxy.get_WrappedElement()
   at SeleniumExtras.PageObjects.WebElementProxy.get_Enabled()
   at PageObjectModelFramework.utilities.WaitHelper.<>c__DisplayClass4_0.<WaitForElementToBeClickable>b__0(IWebDriver drv) in D:\FrameworkCSharpEnhanced\PageObjectModelFramework\PageObjectModelFramework\Utils\WaitHelper.cs:line 33
   at OpenQA.Selenium.Support.UI.DefaultWait`1.Until[TResult](Func`2 condition, CancellationToken token)
   --- End of inner exception stack trace ---
   at OpenQA.Selenium.Support.UI.DefaultWait`1.ThrowTimeoutException(String exceptionMessage, Exception lastException)
   at OpenQA.Selenium.Support.UI.DefaultWait`1.Until[TResult](Func`2 condition, CancellationToken token)
   at OpenQA.Selenium.Support.UI.DefaultWait`1.Until[TResult](Func`2 condition)
   at PageObjectModelFramework.utilities.WaitHelper.WaitForElementToBeClickable(IWebElement element, Int32 timeoutInSeconds) in D:\FrameworkCSharpEnhanced\PageObjectModelFramework\PageObjectModelFramework\Utils\WaitHelper.cs:line 29
   at PageObjectModelFramework.pageobjects.BasePage.WaitForElementToBeClickable(IWebElement element) in D:\FrameworkCSharpEnhanced\PageObjectModelFramework\PageObjectModelFramework\PageObjects\BasePage.cs:line 35
   at PageObjectModelFramework.pageobjects.HomePage.FindNewCar() in D:\FrameworkCSharpEnhanced\PageObjectModelFramework\PageObjectModelFramework\PageObjects\HomePage.cs:line 57
   at PageObjectModelFramework.testcases.FindNewCarsTest.TestFindNewCar(String browser, String runmode, String carbrand, String cartitle, String carname) in D:\FrameworkCSharpEnhanced\PageObjectModelFramework\PageObjectModelFramework\Testcases\FindNewCarsTest.cs:line 30
2025-12-15 17:12:16,409 [NUnit.Fw.ParallelWorker#1] INFO  PageObjectModelFramework.basetest.BaseTest - Test Execution is Completed
2025-12-15 17:12:22,029 [NUnit.Fw.ParallelWorker#3] INFO  PageObjectModelFramework.basetest.BaseTest - New Cars page navigation completed
2025-12-15 17:12:26,458 [NUnit.Fw.ParallelWorker#2] INFO  PageObjectModelFramework.basetest.BaseTest - View Brand button clicked
2025-12-15 17:12:27,481 [NUnit.Fw.ParallelWorker#3] INFO  PageObjectModelFramework.basetest.BaseTest - View Brand button clicked
2025-12-15 17:12:29,533 [NUnit.Fw.ParallelWorker#4] INFO  PageObjectModelFramework.basetest.BaseTest - View Brand button clicked
2025-12-15 17:12:33,044 [NUnit.Fw.ParallelWorker#3] INFO  PageObjectModelFramework.basetest.BaseTest - Toyota brand page opened
2025-12-15 17:12:34,229 [NUnit.Fw.ParallelWorker#2] INFO  PageObjectModelFramework.basetest.BaseTest - Audi brand page opened
2025-12-15 17:12:36,279 [NUnit.Fw.ParallelWorker#4] INFO  PageObjectModelFramework.basetest.BaseTest - Kia brand page opened
2025-12-15 17:12:39,943 [NUnit.Fw.ParallelWorker#3] INFO  PageObjectModelFramework.basetest.BaseTest - Opened car name page for: Toyota Fortuner
2025-12-15 17:12:44,263 [NUnit.Fw.ParallelWorker#2] INFO  PageObjectModelFramework.basetest.BaseTest - Opened car name page for: Audi A4
2025-12-15 17:12:46,613 [NUnit.Fw.ParallelWorker#3] INFO  PageObjectModelFramework.basetest.BaseTest - Car price: Rs. 33.65 - 48.85 Lakh
2025-12-15 17:12:46,638 [NUnit.Fw.ParallelWorker#3] INFO  PageObjectModelFramework.basetest.BaseTest - Test completed successfully for Toyota Fortuner
2025-12-15 17:12:46,639 [NUnit.Fw.ParallelWorker#3] INFO  PageObjectModelFramework.basetest.BaseTest - Test Execution is Completed
2025-12-15 17:12:49,005 [NUnit.Fw.ParallelWorker#4] INFO  PageObjectModelFramework.basetest.BaseTest - Opened car name page for: Kia Sonet
2025-12-15 17:12:50,594 [NUnit.Fw.ParallelWorker#4] INFO  PageObjectModelFramework.basetest.BaseTest - Car price: Rs. 7.30 - 14.09 Lakh
2025-12-15 17:12:52,841 [NUnit.Fw.ParallelWorker#2] INFO  PageObjectModelFramework.basetest.BaseTest - Car price: Rs. 46.25 - 55.11 Lakh
2025-12-15 17:12:52,861 [NUnit.Fw.ParallelWorker#2] INFO  PageObjectModelFramework.basetest.BaseTest - Test completed successfully for Audi A4
2025-12-15 17:12:52,861 [NUnit.Fw.ParallelWorker#2] INFO  PageObjectModelFramework.basetest.BaseTest - Test Execution is Completed
2025-12-15 17:12:55,476 [NUnit.Fw.ParallelWorker#4] INFO  PageObjectModelFramework.basetest.BaseTest - Test completed successfully for Kia Sonet
2025-12-15 17:12:55,476 [NUnit.Fw.ParallelWorker#4] INFO  PageObjectModelFramework.basetest.BaseTest - Test Execution is Completed
2025-12-15 17:13:07,052 [NUnit.Fw.ParallelWorker#1] INFO  PageObjectModelFramework.basetest.BaseTest - Test Execution Completed
2025-12-15 17:15:58,853 [NUnit.Fw.ParallelWorker#4] INFO  PageObjectModelFramework.basetest.BaseTest - Test Execution is Started
2025-12-15 17:15:58,853 [NUnit.Fw.ParallelWorker#2] INFO  PageObjectModelFramework.basetest.BaseTest - Test Execution is Started
2025-12-15 17:15:58,853 [NUnit.Fw.ParallelWorker#3] INFO  PageObjectModelFramework.basetest.BaseTest - Test Execution is Started
2025-12-15 17:16:31,693 [NUnit.Fw.ParallelWorker#2] INFO  PageObjectModelFramework.basetest.BaseTest - New Cars page navigation completed
2025-12-15 17:16:32,410 [NUnit.Fw.ParallelWorker#3] INFO  PageObjectModelFramework.basetest.BaseTest - New Cars page navigation completed
2025-12-15 17:16:33,483 [NUnit.Fw.ParallelWorker#2] INFO  PageObjectModelFramework.basetest.BaseTest - View Brand button clicked
2025-12-15 17:16:34,330 [NUnit.Fw.ParallelWorker#3] INFO  PageObjectModelFramework.basetest.BaseTest - View Brand button clicked
2025-12-15 17:16:37,799 [NUnit.Fw.ParallelWorker#2] INFO  PageObjectModelFramework.basetest.BaseTest - Toyota brand page opened
2025-12-15 17:16:41,784 [NUnit.Fw.ParallelWorker#2] INFO  PageObjectModelFramework.basetest.BaseTest - Opened car name page for: Toyota Fortuner
2025-12-15 17:16:43,296 [NUnit.Fw.ParallelWorker#4] INFO  PageObjectModelFramework.basetest.BaseTest - New Cars page navigation completed
2025-12-15 17:16:46,147 [NUnit.Fw.ParallelWorker#2] INFO  PageObjectModelFramework.basetest.BaseTest - Car price: Rs. 33.65 - 48.85 Lakh
2025-12-15 17:16:46,166 [NUnit.Fw.ParallelWorker#2] INFO  PageObjectModelFramework.basetest.BaseTest - Test completed successfully for Toyota Fortuner
2025-12-15 17:16:46,183 [NUnit.Fw.ParallelWorker#2] INFO  PageObjectModelFramework.basetest.BaseTest - Test Execution is Completed
2025-12-15 17:16:47,495 [NUnit.Fw.ParallelWorker#3] INFO  PageObjectModelFramework.basetest.BaseTest - Audi brand page opened
2025-12-15 17:16:47,763 [NUnit.Fw.ParallelWorker#4] INFO  PageObjectModelFramework.basetest.BaseTest - View Brand button clicked
2025-12-15 17:16:49,626 [NUnit.Fw.ParallelWorker#4] INFO  PageObjectModelFramework.basetest.BaseTest - Kia brand page opened
2025-12-15 17:16:54,849 [NUnit.Fw.ParallelWorker#3] INFO  PageObjectModelFramework.basetest.BaseTest - Opened car name page for: Audi A4
2025-12-15 17:16:56,611 [NUnit.Fw.ParallelWorker#3] INFO  PageObjectModelFramework.basetest.BaseTest - Car price: Rs. 46.25 - 55.11 Lakh
2025-12-15 17:16:56,629 [NUnit.Fw.ParallelWorker#3] INFO  PageObjectModelFramework.basetest.BaseTest - Test completed successfully for Audi A4
2025-12-15 17:16:56,629 [NUnit.Fw.ParallelWorker#3] INFO  PageObjectModelFramework.basetest.BaseTest - Test Execution is Completed
2025-12-15 17:16:58,924 [NUnit.Fw.ParallelWorker#4] INFO  PageObjectModelFramework.basetest.BaseTest - Opened car name page for: Kia Sonet
2025-12-15 17:17:01,507 [NUnit.Fw.ParallelWorker#4] INFO  PageObjectModelFramework.basetest.BaseTest - Car price: Rs. 7.30 - 14.09 Lakh
2025-12-15 17:17:01,522 [NUnit.Fw.ParallelWorker#4] INFO  PageObjectModelFramework.basetest.BaseTest - Test completed successfully for Kia Sonet
2025-12-15 17:17:01,522 [NUnit.Fw.ParallelWorker#4] INFO  PageObjectModelFramework.basetest.BaseTest - Test Execution is Completed
2025-12-15 17:17:10,130 [NUnit.Fw.ParallelWorker#2] INFO  PageObjectModelFramework.basetest.BaseTest - Test Execution Completed
2025-12-15 17:17:48,590 [NUnit.Fw.ParallelWorker#4] INFO  PageObjectModelFramework.basetest.BaseTest - Test Execution is Started
2025-12-15 17:17:48,590 [NUnit.Fw.ParallelWorker#3] INFO  PageObjectModelFramework.basetest.BaseTest - Test Execution is Started
2025-12-15 17:17:48,590 [NUnit.Fw.ParallelWorker#1] INFO  PageObjectModelFramework.basetest.BaseTest - Test Execution is Started
2025-12-15 17:17:48,590 [NUnit.Fw.ParallelWorker#2] INFO  PageObjectModelFramework.basetest.BaseTest - Test Execution is Started
2025-12-15 17:18:35,269 [NUnit.Fw.ParallelWorker#1] ERROR PageObjectModelFramework.basetest.BaseTest - Test execution failed: Timed out after 10 seconds
OpenQA.Selenium.WebDriverTimeoutException: Timed out after 10 seconds
 ---> OpenQA.Selenium.NoSuchElementException: Could not find element by: By.XPath: //div[text()='Find New Cars']; For documentation on this error, please visit: https://www.selenium.dev/documentation/webdriver/troubleshooting/errors#nosuchelementexception
   at SeleniumExtras.PageObjects.DefaultElementLocator.LocateElement(IEnumerable`1 bys)
   at SeleniumExtras.PageObjects.WebElementProxy.get_WrappedElement()
   at SeleniumExtras.PageObjects.WebElementProxy.get_Enabled()
   at PageObjectModelFramework.utilities.WaitHelper.<>c__DisplayClass4_0.<WaitForElementToBeClickable>b__0(IWebDriver drv) in D:\FrameworkCSharpEnhanced\PageObjectModelFramework\PageObjectModelFramework\Utils\WaitHelper.cs:line 33
   at OpenQA.Selenium.Support.UI.DefaultWait`1.Until[TResult](Func`2 condition, CancellationToken token)
   --- End of inner exception stack trace ---
   at OpenQA.Selenium.Support.UI.DefaultWait`1.ThrowTimeoutException(String exceptionMessage, Exception lastException)
   at OpenQA.Selenium.Support.UI.DefaultWait`1.Until[TResult](Func`2 condition, CancellationToken token)
   at OpenQA.Selenium.Support.UI.DefaultWait`1.Until[TResult](Func`2 condition)
   at PageObjectModelFramework.utilities.WaitHelper.WaitForElementToBeClickable(IWebElement element, Int32 timeoutInSeconds) in D:\FrameworkCSharpEnhanced\PageObjectModelFramework\PageObjectModelFramework\Utils\WaitHelper.cs:line 29
   at PageObjectModelFramework.pageobjects.BasePage.WaitForElementToBeClickable(IWebElement element) in D:\FrameworkCSharpEnhanced\PageObjectModelFramework\PageObjectModelFramework\PageObjects\BasePage.cs:line 35
   at PageObjectModelFramework.pageobjects.HomePage.FindNewCar() in D:\FrameworkCSharpEnhanced\PageObjectModelFramework\PageObjectModelFramework\PageObjects\HomePage.cs:line 57
   at PageObjectModelFramework.testcases.FindNewCarsTest.TestFindNewCar(String browser, String runmode, String carbrand, String cartitle, String carname) in D:\FrameworkCSharpEnhanced\PageObjectModelFramework\PageObjectModelFramework\Testcases\FindNewCarsTest.cs:line 30
2025-12-15 17:18:35,844 [NUnit.Fw.ParallelWorker#1] INFO  PageObjectModelFramework.basetest.BaseTest - Test Execution is Completed
2025-12-15 17:18:38,417 [NUnit.Fw.ParallelWorker#4] INFO  PageObjectModelFramework.basetest.BaseTest - New Cars page navigation completed
2025-12-15 17:18:41,689 [NUnit.Fw.ParallelWorker#4] INFO  PageObjectModelFramework.basetest.BaseTest - View Brand button clicked
2025-12-15 17:18:47,427 [NUnit.Fw.ParallelWorker#4] INFO  PageObjectModelFramework.basetest.BaseTest - BMW brand page opened
2025-12-15 17:18:49,595 [NUnit.Fw.ParallelWorker#3] INFO  PageObjectModelFramework.basetest.BaseTest - New Cars page navigation completed
2025-12-15 17:18:53,163 [NUnit.Fw.ParallelWorker#4] INFO  PageObjectModelFramework.basetest.BaseTest - Opened car name page for: BMW M5
2025-12-15 17:18:58,674 [NUnit.Fw.ParallelWorker#4] INFO  PageObjectModelFramework.basetest.BaseTest - Car price: Rs. 2.01 Crore
2025-12-15 17:18:58,717 [NUnit.Fw.ParallelWorker#4] INFO  PageObjectModelFramework.basetest.BaseTest - Test completed successfully for BMW M5
2025-12-15 17:18:58,718 [NUnit.Fw.ParallelWorker#4] INFO  PageObjectModelFramework.basetest.BaseTest - Test Execution is Completed
2025-12-15 17:19:01,781 [NUnit.Fw.ParallelWorker#3] INFO  PageObjectModelFramework.basetest.BaseTest - View Brand button clicked
2025-12-15 17:19:03,250 [NUnit.Fw.ParallelWorker#3] INFO  PageObjectModelFramework.basetest.BaseTest - Kia brand page opened
2025-12-15 17:19:06,894 [NUnit.Fw.ParallelWorker#2] INFO  PageObjectModelFramework.basetest.BaseTest - New Cars page navigation completed
2025-12-15 17:19:08,236 [NUnit.Fw.ParallelWorker#2] INFO  PageObjectModelFramework.basetest.BaseTest - View Brand button clicked
2025-12-15 17:19:10,398 [NUnit.Fw.ParallelWorker#2] INFO  PageObjectModelFramework.basetest.BaseTest - Audi brand page opened
2025-12-15 17:19:14,523 [NUnit.Fw.ParallelWorker#2] INFO  PageObjectModelFramework.basetest.BaseTest - Opened car name page for: Audi A4
2025-12-15 17:19:16,726 [NUnit.Fw.ParallelWorker#2] INFO  PageObjectModelFramework.basetest.BaseTest - Car price: Rs. 46.25 - 55.11 Lakh
2025-12-15 17:19:16,745 [NUnit.Fw.ParallelWorker#2] INFO  PageObjectModelFramework.basetest.BaseTest - Test completed successfully for Audi A4
2025-12-15 17:19:16,745 [NUnit.Fw.ParallelWorker#2] INFO  PageObjectModelFramework.basetest.BaseTest - Test Execution is Completed
2025-12-15 17:19:17,959 [NUnit.Fw.ParallelWorker#3] INFO  PageObjectModelFramework.basetest.BaseTest - Opened car name page for: Kia Sonet
2025-12-15 17:19:19,774 [NUnit.Fw.ParallelWorker#3] INFO  PageObjectModelFramework.basetest.BaseTest - Car price: Rs. 7.30 - 14.09 Lakh
2025-12-15 17:19:19,875 [NUnit.Fw.ParallelWorker#3] INFO  PageObjectModelFramework.basetest.BaseTest - Test completed successfully for Kia Sonet
2025-12-15 17:19:19,875 [NUnit.Fw.ParallelWorker#3] INFO  PageObjectModelFramework.basetest.BaseTest - Test Execution is Completed
2025-12-15 17:19:30,559 [NUnit.Fw.ParallelWorker#2] INFO  PageObjectModelFramework.basetest.BaseTest - Test Execution Completed
2025-12-15 17:19:39,941 [NUnit.Fw.ParallelWorker#4] INFO  PageObjectModelFramework.basetest.BaseTest - Test Execution is Started
2025-12-15 17:19:39,941 [NUnit.Fw.ParallelWorker#3] INFO  PageObjectModelFramework.basetest.BaseTest - Test Execution is Started
2025-12-15 17:19:39,941 [NUnit.Fw.ParallelWorker#2] INFO  PageObjectModelFramework.basetest.BaseTest - Test Execution is Started
2025-12-15 17:19:39,941 [NUnit.Fw.ParallelWorker#1] INFO  PageObjectModelFramework.basetest.BaseTest - Test Execution is Started
2025-12-15 17:20:33,069 [NUnit.Fw.ParallelWorker#1] INFO  PageObjectModelFramework.basetest.BaseTest - New Cars page navigation completed
2025-12-15 17:20:34,999 [NUnit.Fw.ParallelWorker#2] INFO  PageObjectModelFramework.basetest.BaseTest - New Cars page navigation completed
2025-12-15 17:20:37,338 [NUnit.Fw.ParallelWorker#2] INFO  PageObjectModelFramework.basetest.BaseTest - View Brand button clicked
2025-12-15 17:20:40,204 [NUnit.Fw.ParallelWorker#1] INFO  PageObjectModelFramework.basetest.BaseTest - View Brand button clicked
2025-12-15 17:20:43,498 [NUnit.Fw.ParallelWorker#2] INFO  PageObjectModelFramework.basetest.BaseTest - Toyota brand page opened
2025-12-15 17:20:45,832 [NUnit.Fw.ParallelWorker#1] INFO  PageObjectModelFramework.basetest.BaseTest - BMW brand page opened
2025-12-15 17:20:49,995 [NUnit.Fw.ParallelWorker#2] INFO  PageObjectModelFramework.basetest.BaseTest - Opened car name page for: Toyota Fortuner
2025-12-15 17:20:52,768 [NUnit.Fw.ParallelWorker#4] INFO  PageObjectModelFramework.basetest.BaseTest - New Cars page navigation completed
2025-12-15 17:20:52,769 [NUnit.Fw.ParallelWorker#3] INFO  PageObjectModelFramework.basetest.BaseTest - New Cars page navigation completed
2025-12-15 17:20:54,865 [NUnit.Fw.ParallelWorker#1] INFO  PageObjectModelFramework.basetest.BaseTest - Opened car name page for: BMW M5
2025-12-15 17:20:59,363 [NUnit.Fw.ParallelWorker#2] INFO  PageObjectModelFramework.basetest.BaseTest - Car price: Rs. 33.65 - 48.85 Lakh
2025-12-15 17:20:59,405 [NUnit.Fw.ParallelWorker#2] INFO  PageObjectModelFramework.basetest.BaseTest - Test completed successfully for Toyota Fortuner
2025-12-15 17:20:59,408 [NUnit.Fw.ParallelWorker#2] INFO  PageObjectModelFramework.basetest.BaseTest - Test Execution is Completed
2025-12-15 17:21:00,164 [NUnit.Fw.ParallelWorker#1] INFO  PageObjectModelFramework.basetest.BaseTest - Car price: Rs. 2.01 Crore
2025-12-15 17:21:00,315 [NUnit.Fw.ParallelWorker#1] INFO  PageObjectModelFramework.basetest.BaseTest - Test completed successfully for BMW M5
2025-12-15 17:21:00,315 [NUnit.Fw.ParallelWorker#1] INFO  PageObjectModelFramework.basetest.BaseTest - Test Execution is Completed
2025-12-15 17:21:02,599 [NUnit.Fw.ParallelWorker#3] INFO  PageObjectModelFramework.basetest.BaseTest - View Brand button clicked
2025-12-15 17:21:03,096 [NUnit.Fw.ParallelWorker#4] INFO  PageObjectModelFramework.basetest.BaseTest - View Brand button clicked
2025-12-15 17:21:05,763 [NUnit.Fw.ParallelWorker#3] INFO  PageObjectModelFramework.basetest.BaseTest - Kia brand page opened
2025-12-15 17:21:06,017 [NUnit.Fw.ParallelWorker#4] INFO  PageObjectModelFramework.basetest.BaseTest - Audi brand page opened
2025-12-15 17:21:10,400 [NUnit.Fw.ParallelWorker#4] INFO  PageObjectModelFramework.basetest.BaseTest - Opened car name page for: Audi A4
2025-12-15 17:21:11,732 [NUnit.Fw.ParallelWorker#4] INFO  PageObjectModelFramework.basetest.BaseTest - Car price: Rs. 46.25 - 55.11 Lakh
2025-12-15 17:21:11,750 [NUnit.Fw.ParallelWorker#4] INFO  PageObjectModelFramework.basetest.BaseTest - Test completed successfully for Audi A4
2025-12-15 17:21:11,750 [NUnit.Fw.ParallelWorker#4] INFO  PageObjectModelFramework.basetest.BaseTest - Test Execution is Completed
2025-12-15 17:21:14,064 [NUnit.Fw.ParallelWorker#3] INFO  PageObjectModelFramework.basetest.BaseTest - Opened car name page for: Kia Sonet
2025-12-15 17:21:16,098 [NUnit.Fw.ParallelWorker#3] INFO  PageObjectModelFramework.basetest.BaseTest - Car price: Rs. 7.30 - 14.09 Lakh
2025-12-15 17:21:16,128 [NUnit.Fw.ParallelWorker#3] INFO  PageObjectModelFramework.basetest.BaseTest - Test completed successfully for Kia Sonet
2025-12-15 17:21:16,128 [NUnit.Fw.ParallelWorker#3] INFO  PageObjectModelFramework.basetest.BaseTest - Test Execution is Completed
2025-12-15 17:21:26,819 [NUnit.Fw.ParallelWorker#2] INFO  PageObjectModelFramework.basetest.BaseTest - Test Execution Completed
2025-12-15 17:48:00,136 [NUnit.Fw.ParallelWorker#4] INFO  PageObjectModelFramework.basetest.BaseTest - Test Execution is Started
2025-12-15 17:48:00,136 [NUnit.Fw.ParallelWorker#3] INFO  PageObjectModelFramework.basetest.BaseTest - Test Execution is Started
2025-12-15 17:48:00,136 [NUnit.Fw.ParallelWorker#1] INFO  PageObjectModelFramework.basetest.BaseTest - Test Execution is Started
2025-12-15 17:48:00,136 [NUnit.Fw.ParallelWorker#2] INFO  PageObjectModelFramework.basetest.BaseTest - Test Execution is Started
2025-12-15 17:48:36,157 [NUnit.Fw.ParallelWorker#2] INFO  PageObjectModelFramework.basetest.BaseTest - Used Cars page is launched
2025-12-15 17:48:37,922 [NUnit.Fw.ParallelWorker#3] INFO  PageObjectModelFramework.basetest.BaseTest - Used Cars page is launched
2025-12-15 17:48:47,858 [NUnit.Fw.ParallelWorker#2] ERROR PageObjectModelFramework.basetest.BaseTest - Test execution failed: Could not find element by: By.XPath: //input[@id='used-car-search']; For documentation on this error, please visit: https://www.selenium.dev/documentation/webdriver/troubleshooting/errors#nosuchelementexception
OpenQA.Selenium.NoSuchElementException: Could not find element by: By.XPath: //input[@id='used-car-search']; For documentation on this error, please visit: https://www.selenium.dev/documentation/webdriver/troubleshooting/errors#nosuchelementexception
   at SeleniumExtras.PageObjects.DefaultElementLocator.LocateElement(IEnumerable`1 bys)
   at SeleniumExtras.PageObjects.WebElementProxy.get_WrappedElement()
   at SeleniumExtras.PageObjects.WebElementProxy.SendKeys(String text)
   at PageObjectModelFramework.pageobjects.UsedCarPage.SearchUsedcars(String carname, String carbrand, String cartitle, String searchtype) in D:\FrameworkCSharpEnhanced\PageObjectModelFramework\PageObjectModelFramework\PageObjects\UsedCarPage.cs:line 30
   at PageObjectModelFramework.Testcases.FindUsedCarTest.TestFindUsedCar(String browser, String runmode, String carbrand, String cartitle, String carname, String searchtype) in D:\FrameworkCSharpEnhanced\PageObjectModelFramework\PageObjectModelFramework\Testcases\FindUsedCarTest.cs:line 29
2025-12-15 17:48:48,404 [NUnit.Fw.ParallelWorker#2] INFO  PageObjectModelFramework.basetest.BaseTest - Test Execution is Completed
2025-12-15 17:48:50,121 [NUnit.Fw.ParallelWorker#3] ERROR PageObjectModelFramework.basetest.BaseTest - Test execution failed: Could not find element by: By.XPath: //input[@id='used-car-search']; For documentation on this error, please visit: https://www.selenium.dev/documentation/webdriver/troubleshooting/errors#nosuchelementexception
OpenQA.Selenium.NoSuchElementException: Could not find element by: By.XPath: //input[@id='used-car-search']; For documentation on this error, please visit: https://www.selenium.dev/documentation/webdriver/troubleshooting/errors#nosuchelementexception
   at SeleniumExtras.PageObjects.DefaultElementLocator.LocateElement(IEnumerable`1 bys)
   at SeleniumExtras.PageObjects.WebElementProxy.get_WrappedElement()
   at SeleniumExtras.PageObjects.WebElementProxy.SendKeys(String text)
   at PageObjectModelFramework.pageobjects.UsedCarPage.SearchUsedcars(String carname, String carbrand, String cartitle, String searchtype) in D:\FrameworkCSharpEnhanced\PageObjectModelFramework\PageObjectModelFramework\PageObjects\UsedCarPage.cs:line 37
   at PageObjectModelFramework.Testcases.FindUsedCarTest.TestFindUsedCar(String browser, String runmode, String carbrand, String cartitle, String carname, String searchtype) in D:\FrameworkCSharpEnhanced\PageObjectModelFramework\PageObjectModelFramework\Testcases\FindUsedCarTest.cs:line 29
2025-12-15 17:48:50,124 [NUnit.Fw.ParallelWorker#3] INFO  PageObjectModelFramework.basetest.BaseTest - Test Execution is Completed
2025-12-15 17:49:08,536 [NUnit.Fw.ParallelWorker#1] INFO  PageObjectModelFramework.basetest.BaseTest - Used Cars page is launched
2025-12-15 17:49:18,807 [NUnit.Fw.ParallelWorker#1] ERROR PageObjectModelFramework.basetest.BaseTest - Test execution failed: Could not find element by: By.XPath: //input[@id='used-car-search']; For documentation on this error, please visit: https://www.selenium.dev/documentation/webdriver/troubleshooting/errors#nosuchelementexception
OpenQA.Selenium.NoSuchElementException: Could not find element by: By.XPath: //input[@id='used-car-search']; For documentation on this error, please visit: https://www.selenium.dev/documentation/webdriver/troubleshooting/errors#nosuchelementexception
   at SeleniumExtras.PageObjects.DefaultElementLocator.LocateElement(IEnumerable`1 bys)
   at SeleniumExtras.PageObjects.WebElementProxy.get_WrappedElement()
   at SeleniumExtras.PageObjects.WebElementProxy.SendKeys(String text)
   at PageObjectModelFramework.pageobjects.UsedCarPage.SearchUsedcars(String carname, String carbrand, String cartitle, String searchtype) in D:\FrameworkCSharpEnhanced\PageObjectModelFramework\PageObjectModelFramework\PageObjects\UsedCarPage.cs:line 30
   at PageObjectModelFramework.Testcases.FindUsedCarTest.TestFindUsedCar(String browser, String runmode, String carbrand, String cartitle, String carname, String searchtype) in D:\FrameworkCSharpEnhanced\PageObjectModelFramework\PageObjectModelFramework\Testcases\FindUsedCarTest.cs:line 29
2025-12-15 17:49:18,807 [NUnit.Fw.ParallelWorker#1] INFO  PageObjectModelFramework.basetest.BaseTest - Test Execution is Completed
2025-12-15 17:51:43,775 [NUnit.Fw.ParallelWorker#4] INFO  PageObjectModelFramework.basetest.BaseTest - Test Execution is Completed
2025-12-15 18:02:26,871 [NUnit.Fw.ParallelWorker#4] INFO  PageObjectModelFramework.basetest.BaseTest - Test Execution is Started
2025-12-15 18:02:26,871 [NUnit.Fw.ParallelWorker#2] INFO  PageObjectModelFramework.basetest.BaseTest - Test Execution is Started
2025-12-15 18:02:26,871 [NUnit.Fw.ParallelWorker#3] INFO  PageObjectModelFramework.basetest.BaseTest - Test Execution is Started
2025-12-15 18:02:26,871 [NUnit.Fw.ParallelWorker#1] INFO  PageObjectModelFramework.basetest.BaseTest - Test Execution is Started
2025-12-15 18:03:25,532 [NUnit.Fw.ParallelWorker#4] ERROR PageObjectModelFramework.basetest.BaseTest - Test execution failed: Timed out after 10 seconds
OpenQA.Selenium.WebDriverTimeoutException: Timed out after 10 seconds
 ---> OpenQA.Selenium.NoSuchElementException: Could not find element by: By.XPath: //div[contains(text(),'Explore Used Cars')]; For documentation on this error, please visit: https://www.selenium.dev/documentation/webdriver/troubleshooting/errors#nosuchelementexception
   at SeleniumExtras.PageObjects.DefaultElementLocator.LocateElement(IEnumerable`1 bys)
   at SeleniumExtras.PageObjects.WebElementProxy.get_WrappedElement()
   at SeleniumExtras.PageObjects.WebElementProxy.get_Enabled()
   at PageObjectModelFramework.utilities.WaitHelper.<>c__DisplayClass4_0.<WaitForElementToBeClickable>b__0(IWebDriver drv) in D:\FrameworkCSharpEnhanced\PageObjectModelFramework\PageObjectModelFramework\Utils\WaitHelper.cs:line 33
   at OpenQA.Selenium.Support.UI.DefaultWait`1.Until[TResult](Func`2 condition, CancellationToken token)
   --- End of inner exception stack trace ---
   at OpenQA.Selenium.Support.UI.DefaultWait`1.ThrowTimeoutException(String exceptionMessage, Exception lastException)
   at OpenQA.Selenium.Support.UI.DefaultWait`1.Until[TResult](Func`2 condition, CancellationToken token)
   at OpenQA.Selenium.Support.UI.DefaultWait`1.Until[TResult](Func`2 condition)
   at PageObjectModelFramework.utilities.WaitHelper.WaitForElementToBeClickable(IWebElement element, Int32 timeoutInSeconds) in D:\FrameworkCSharpEnhanced\PageObjectModelFramework\PageObjectModelFramework\Utils\WaitHelper.cs:line 29
   at PageObjectModelFramework.pageobjects.BasePage.WaitForElementToBeClickable(IWebElement element) in D:\FrameworkCSharpEnhanced\PageObjectModelFramework\PageObjectModelFramework\PageObjects\BasePage.cs:line 35
   at PageObjectModelFramework.pageobjects.HomePage.ExploreUsedCar() in D:\FrameworkCSharpEnhanced\PageObjectModelFramework\PageObjectModelFramework\PageObjects\HomePage.cs:line 74
   at PageObjectModelFramework.Testcases.FindUsedCarTest.TestFindUsedCar(String browser, String runmode, String carbrand, String cartitle, String carname, String searchtype) in D:\FrameworkCSharpEnhanced\PageObjectModelFramework\PageObjectModelFramework\Testcases\FindUsedCarTest.cs:line 29
2025-12-15 18:03:25,685 [NUnit.Fw.ParallelWorker#4] INFO  PageObjectModelFramework.basetest.BaseTest - Test Execution is Completed
2025-12-15 18:03:35,711 [NUnit.Fw.ParallelWorker#2] INFO  PageObjectModelFramework.basetest.BaseTest - Used Cars page is launched
2025-12-15 18:03:42,508 [NUnit.Fw.ParallelWorker#2] INFO  PageObjectModelFramework.basetest.BaseTest - Car Brand Name BMW is entered for Search 
2025-12-15 18:03:43,523 [NUnit.Fw.ParallelWorker#2] ERROR PageObjectModelFramework.basetest.BaseTest - Test execution failed: Element <svg class="o-aQ o-aS o-aV o-ov o-gV o-ie  o-f o-jK"> is not clickable at point (1020,172) because another element <div class="SKGOr1 o-f o-aC o-iD o-hl o-fj o-eL o-C"> obscures it
OpenQA.Selenium.ElementClickInterceptedException: Element <svg class="o-aQ o-aS o-aV o-ov o-gV o-ie  o-f o-jK"> is not clickable at point (1020,172) because another element <div class="SKGOr1 o-f o-aC o-iD o-hl o-fj o-eL o-C"> obscures it
   at OpenQA.Selenium.WebDriver.UnpackAndThrowOnError(Response errorResponse, String commandToExecute)
   at OpenQA.Selenium.WebDriver.ExecuteAsync(String driverCommandToExecute, Dictionary`2 parameters)
   at OpenQA.Selenium.WebDriver.Execute(String driverCommandToExecute, Dictionary`2 parameters)
   at OpenQA.Selenium.WebElement.Execute(String commandToExecute, Dictionary`2 parameters)
   at OpenQA.Selenium.WebElement.Click()
   at SeleniumExtras.PageObjects.WebElementProxy.Click()
   at PageObjectModelFramework.pageobjects.UsedCarPage.SearchUsedcars(String carname, String carbrand, String cartitle, String searchtype) in D:\FrameworkCSharpEnhanced\PageObjectModelFramework\PageObjectModelFramework\PageObjects\UsedCarPage.cs:line 45
   at PageObjectModelFramework.Testcases.FindUsedCarTest.TestFindUsedCar(String browser, String runmode, String carbrand, String cartitle, String carname, String searchtype) in D:\FrameworkCSharpEnhanced\PageObjectModelFramework\PageObjectModelFramework\Testcases\FindUsedCarTest.cs:line 29
2025-12-15 18:03:43,527 [NUnit.Fw.ParallelWorker#2] INFO  PageObjectModelFramework.basetest.BaseTest - Test Execution is Completed
2025-12-15 18:03:47,393 [NUnit.Fw.ParallelWorker#3] INFO  PageObjectModelFramework.basetest.BaseTest - Used Cars page is launched
2025-12-15 18:03:47,582 [NUnit.Fw.ParallelWorker#1] INFO  PageObjectModelFramework.basetest.BaseTest - Used Cars page is launched
2025-12-15 18:03:50,796 [NUnit.Fw.ParallelWorker#1] INFO  PageObjectModelFramework.basetest.BaseTest - Car Brand Name Audi is entered for Search 
2025-12-15 18:03:52,330 [NUnit.Fw.ParallelWorker#3] INFO  PageObjectModelFramework.basetest.BaseTest - Carname Kia Sonet is entered for Search 
2025-12-15 18:03:53,587 [NUnit.Fw.ParallelWorker#1] ERROR PageObjectModelFramework.basetest.BaseTest - Test execution failed: element click intercepted: Element <svg class="o-aQ o-aS o-aV o-ov o-gV o-ie  o-f o-jK" viewBox="0 0 16 16" fill="currentcolor" tabindex="-1" focusable="false" aria-hidden="true" role="img">...</svg> is not clickable at point (1021, 170). Other element would receive the click: <div class="SKGOr1 o-f o-aC o-iD o-hl o-fj o-eL o-C">...</div>
  (Session info: chrome=143.0.7499.42)
OpenQA.Selenium.ElementClickInterceptedException: element click intercepted: Element <svg class="o-aQ o-aS o-aV o-ov o-gV o-ie  o-f o-jK" viewBox="0 0 16 16" fill="currentcolor" tabindex="-1" focusable="false" aria-hidden="true" role="img">...</svg> is not clickable at point (1021, 170). Other element would receive the click: <div class="SKGOr1 o-f o-aC o-iD o-hl o-fj o-eL o-C">...</div>
  (Session info: chrome=143.0.7499.42)
   at OpenQA.Selenium.WebDriver.UnpackAndThrowOnError(Response errorResponse, String commandToExecute)
   at OpenQA.Selenium.WebDriver.ExecuteAsync(String driverCommandToExecute, Dictionary`2 parameters)
   at OpenQA.Selenium.WebDriver.Execute(String driverCommandToExecute, Dictionary`2 parameters)
   at OpenQA.Selenium.WebElement.Execute(String commandToExecute, Dictionary`2 parameters)
   at OpenQA.Selenium.WebElement.Click()
   at SeleniumExtras.PageObjects.WebElementProxy.Click()
   at PageObjectModelFramework.pageobjects.UsedCarPage.SearchUsedcars(String carname, String carbrand, String cartitle, String searchtype) in D:\FrameworkCSharpEnhanced\PageObjectModelFramework\PageObjectModelFramework\PageObjects\UsedCarPage.cs:line 45
   at PageObjectModelFramework.Testcases.FindUsedCarTest.TestFindUsedCar(String browser, String runmode, String carbrand, String cartitle, String carname, String searchtype) in D:\FrameworkCSharpEnhanced\PageObjectModelFramework\PageObjectModelFramework\Testcases\FindUsedCarTest.cs:line 29
2025-12-15 18:03:53,590 [NUnit.Fw.ParallelWorker#1] INFO  PageObjectModelFramework.basetest.BaseTest - Test Execution is Completed
2025-12-15 18:03:53,677 [NUnit.Fw.ParallelWorker#3] ERROR PageObjectModelFramework.basetest.BaseTest - Test execution failed: element click intercepted: Element <svg class="o-aQ o-aS o-aV o-ov o-gV o-ie  o-f o-jK" viewBox="0 0 16 16" fill="currentcolor" tabindex="-1" focusable="false" aria-hidden="true" role="img">...</svg> is not clickable at point (1021, 170). Other element would receive the click: <div class="SKGOr1 o-f o-aC o-iD o-hl o-fj o-eL o-C">...</div>
  (Session info: chrome=143.0.7499.42)
OpenQA.Selenium.ElementClickInterceptedException: element click intercepted: Element <svg class="o-aQ o-aS o-aV o-ov o-gV o-ie  o-f o-jK" viewBox="0 0 16 16" fill="currentcolor" tabindex="-1" focusable="false" aria-hidden="true" role="img">...</svg> is not clickable at point (1021, 170). Other element would receive the click: <div class="SKGOr1 o-f o-aC o-iD o-hl o-fj o-eL o-C">...</div>
  (Session info: chrome=143.0.7499.42)
   at OpenQA.Selenium.WebDriver.UnpackAndThrowOnError(Response errorResponse, String commandToExecute)
   at OpenQA.Selenium.WebDriver.ExecuteAsync(String driverCommandToExecute, Dictionary`2 parameters)
   at OpenQA.Selenium.WebDriver.Execute(String driverCommandToExecute, Dictionary`2 parameters)
   at OpenQA.Selenium.WebElement.Execute(String commandToExecute, Dictionary`2 parameters)
   at OpenQA.Selenium.WebElement.Click()
   at SeleniumExtras.PageObjects.WebElementProxy.Click()
   at PageObjectModelFramework.pageobjects.UsedCarPage.SearchUsedcars(String carname, String carbrand, String cartitle, String searchtype) in D:\FrameworkCSharpEnhanced\PageObjectModelFramework\PageObjectModelFramework\PageObjects\UsedCarPage.cs:line 45
   at PageObjectModelFramework.Testcases.FindUsedCarTest.TestFindUsedCar(String browser, String runmode, String carbrand, String cartitle, String carname, String searchtype) in D:\FrameworkCSharpEnhanced\PageObjectModelFramework\PageObjectModelFramework\Testcases\FindUsedCarTest.cs:line 29
2025-12-15 18:03:53,678 [NUnit.Fw.ParallelWorker#3] INFO  PageObjectModelFramework.basetest.BaseTest - Test Execution is Completed
2025-12-15 18:04:09,300 [NUnit.Fw.ParallelWorker#3] INFO  PageObjectModelFramework.basetest.BaseTest - Test Execution Completed
2025-12-15 18:06:46,531 [NUnit.Fw.ParallelWorker#4] INFO  PageObjectModelFramework.basetest.BaseTest - Test Execution is Started
2025-12-15 18:07:02,506 [NUnit.Fw.ParallelWorker#4] INFO  PageObjectModelFramework.basetest.BaseTest - Used Cars page is launched
2025-12-15 18:07:03,437 [NUnit.Fw.ParallelWorker#4] INFO  PageObjectModelFramework.basetest.BaseTest - Car Brand Name BMW is entered for Search 
2025-12-15 18:07:03,905 [NUnit.Fw.ParallelWorker#4] INFO  PageObjectModelFramework.basetest.BaseTest - search is clicked 
2025-12-15 18:07:04,241 [NUnit.Fw.ParallelWorker#4] ERROR PageObjectModelFramework.basetest.BaseTest - Test execution failed:   Car Name title not matching. Expected: BMW M5, Actual: 134479 Second Hand Cars, Buy Used Cars in India - CarWale
Assert.That(actualTitle, Does.Contain(carname))
  Expected: String containing "BMW M5"
  But was:  "134479 Second Hand Cars, Buy Used Cars in India - CarWale"

NUnit.Framework.AssertionException:   Car Name title not matching. Expected: BMW M5, Actual: 134479 Second Hand Cars, Buy Used Cars in India - CarWale
Assert.That(actualTitle, Does.Contain(carname))
  Expected: String containing "BMW M5"
  But was:  "134479 Second Hand Cars, Buy Used Cars in India - CarWale"

   at NUnit.Framework.Assert.ReportFailure(String message)
   at NUnit.Framework.Assert.ReportFailure(ConstraintResult result, String message, String actualExpression, String constraintExpression)
   at NUnit.Framework.Assert.That[TActual](TActual actual, IResolveConstraint expression, FormattableString message, String actualExpression, String constraintExpression)
   at PageObjectModelFramework.Testcases.FindUsedCarTest.TestFindUsedCar(String browser, String runmode, String carbrand, String cartitle, String carname, String searchtype) in D:\FrameworkCSharpEnhanced\PageObjectModelFramework\PageObjectModelFramework\Testcases\FindUsedCarTest.cs:line 35
2025-12-15 18:07:04,264 [NUnit.Fw.ParallelWorker#4] INFO  PageObjectModelFramework.basetest.BaseTest - Test Execution is Completed
2025-12-15 18:07:07,633 [NUnit.Fw.ParallelWorker#4] INFO  PageObjectModelFramework.basetest.BaseTest - Test Execution is Started
2025-12-15 18:07:21,985 [NUnit.Fw.ParallelWorker#4] INFO  PageObjectModelFramework.basetest.BaseTest - Used Cars page is launched
2025-12-15 18:07:23,048 [NUnit.Fw.ParallelWorker#4] INFO  PageObjectModelFramework.basetest.BaseTest - Car Brand Name BMW is entered for Search 
2025-12-15 18:07:23,719 [NUnit.Fw.ParallelWorker#4] INFO  PageObjectModelFramework.basetest.BaseTest - search is clicked 
2025-12-15 18:07:23,935 [NUnit.Fw.ParallelWorker#4] ERROR PageObjectModelFramework.basetest.BaseTest - Test execution failed:   Car Name title not matching. Expected: BMW M5, Actual: 134459 Second Hand Cars, Buy Used Cars in India - CarWale
Assert.That(actualTitle, Does.Contain(carname))
  Expected: String containing "BMW M5"
  But was:  "134459 Second Hand Cars, Buy Used Cars in India - CarWale"

NUnit.Framework.AssertionException:   Car Name title not matching. Expected: BMW M5, Actual: 134459 Second Hand Cars, Buy Used Cars in India - CarWale
Assert.That(actualTitle, Does.Contain(carname))
  Expected: String containing "BMW M5"
  But was:  "134459 Second Hand Cars, Buy Used Cars in India - CarWale"

   at NUnit.Framework.Assert.ReportFailure(String message)
   at NUnit.Framework.Assert.ReportFailure(ConstraintResult result, String message, String actualExpression, String constraintExpression)
   at NUnit.Framework.Assert.That[TActual](TActual actual, IResolveConstraint expression, FormattableString message, String actualExpression, String constraintExpression)
   at PageObjectModelFramework.Testcases.FindUsedCarTest.TestFindUsedCar(String browser, String runmode, String carbrand, String cartitle, String carname, String searchtype) in D:\FrameworkCSharpEnhanced\PageObjectModelFramework\PageObjectModelFramework\Testcases\FindUsedCarTest.cs:line 35
2025-12-15 18:07:23,942 [NUnit.Fw.ParallelWorker#4] INFO  PageObjectModelFramework.basetest.BaseTest - Test Execution is Completed
2025-12-15 18:07:36,325 [NUnit.Fw.ParallelWorker#1] INFO  PageObjectModelFramework.basetest.BaseTest - Test Execution Completed
2025-12-15 18:10:46,924 [NUnit.Fw.ParallelWorker#4] INFO  PageObjectModelFramework.basetest.BaseTest - Test Execution is Started
2025-12-15 18:11:03,167 [NUnit.Fw.ParallelWorker#4] INFO  PageObjectModelFramework.basetest.BaseTest - Used Cars page is launched
2025-12-15 18:11:04,357 [NUnit.Fw.ParallelWorker#4] INFO  PageObjectModelFramework.basetest.BaseTest - Car Brand Name BMW is entered for Search 
2025-12-15 18:11:05,109 [NUnit.Fw.ParallelWorker#4] INFO  PageObjectModelFramework.basetest.BaseTest - search is clicked 
2025-12-15 18:11:05,267 [NUnit.Fw.ParallelWorker#4] INFO  PageObjectModelFramework.basetest.BaseTest - Test Execution is Completed
2025-12-15 18:11:15,523 [NUnit.Fw.ParallelWorker#1] INFO  PageObjectModelFramework.basetest.BaseTest - Test Execution Completed
2025-12-15 18:11:43,295 [NUnit.Fw.ParallelWorker#2] INFO  PageObjectModelFramework.basetest.BaseTest - Test Execution is Started
2025-12-15 18:12:17,012 [NUnit.Fw.ParallelWorker#2] INFO  PageObjectModelFramework.basetest.BaseTest - Test Execution is Started
2025-12-15 18:12:32,932 [NUnit.Fw.ParallelWorker#2] INFO  PageObjectModelFramework.basetest.BaseTest - Used Cars page is launched
2025-12-15 18:12:35,918 [NUnit.Fw.ParallelWorker#2] INFO  PageObjectModelFramework.basetest.BaseTest - Car Brand Name BMW is entered for Search 
2025-12-15 18:12:43,409 [NUnit.Fw.ParallelWorker#2] INFO  PageObjectModelFramework.basetest.BaseTest - search is clicked 
2025-12-15 18:12:52,628 [NUnit.Fw.ParallelWorker#2] INFO  PageObjectModelFramework.basetest.BaseTest - Test Execution is Completed
2025-12-15 18:13:05,475 [NUnit.Fw.ParallelWorker#4] INFO  PageObjectModelFramework.basetest.BaseTest - Test Execution Completed
2025-12-15 18:13:18,151 [NUnit.Fw.ParallelWorker#4] INFO  PageObjectModelFramework.basetest.BaseTest - Test Execution is Started
2025-12-15 18:13:32,794 [NUnit.Fw.ParallelWorker#4] INFO  PageObjectModelFramework.basetest.BaseTest - Used Cars page is launched
2025-12-15 18:13:33,868 [NUnit.Fw.ParallelWorker#4] INFO  PageObjectModelFramework.basetest.BaseTest - Car Brand Name BMW is entered for Search 
2025-12-15 18:13:34,525 [NUnit.Fw.ParallelWorker#4] ERROR PageObjectModelFramework.basetest.BaseTest - Test execution failed: Element <svg class="o-aQ o-aS o-aV o-ov o-gV o-ie  o-f o-jK"> is not clickable at point (1020,303) because another element <div class="o-kY o-iB o-aa o-Q o-bO o-cq o-P AKelRf o-D"> obscures it
OpenQA.Selenium.ElementClickInterceptedException: Element <svg class="o-aQ o-aS o-aV o-ov o-gV o-ie  o-f o-jK"> is not clickable at point (1020,303) because another element <div class="o-kY o-iB o-aa o-Q o-bO o-cq o-P AKelRf o-D"> obscures it
   at OpenQA.Selenium.WebDriver.UnpackAndThrowOnError(Response errorResponse, String commandToExecute)
   at OpenQA.Selenium.WebDriver.ExecuteAsync(String driverCommandToExecute, Dictionary`2 parameters)
   at OpenQA.Selenium.WebDriver.Execute(String driverCommandToExecute, Dictionary`2 parameters)
   at OpenQA.Selenium.WebElement.Execute(String commandToExecute, Dictionary`2 parameters)
   at OpenQA.Selenium.WebElement.Click()
   at SeleniumExtras.PageObjects.WebElementProxy.Click()
   at PageObjectModelFramework.pageobjects.UsedCarPage.SearchUsedcars(String carname, String carbrand, String cartitle, String searchtype) in D:\FrameworkCSharpEnhanced\PageObjectModelFramework\PageObjectModelFramework\PageObjects\UsedCarPage.cs:line 45
   at PageObjectModelFramework.Testcases.FindUsedCarTest.TestFindUsedCar(String browser, String runmode, String carbrand, String cartitle, String carname, String searchtype) in D:\FrameworkCSharpEnhanced\PageObjectModelFramework\PageObjectModelFramework\Testcases\FindUsedCarTest.cs:line 29
2025-12-15 18:13:34,599 [NUnit.Fw.ParallelWorker#4] INFO  PageObjectModelFramework.basetest.BaseTest - Test Execution is Completed
2025-12-15 18:13:46,538 [NUnit.Fw.ParallelWorker#1] INFO  PageObjectModelFramework.basetest.BaseTest - Test Execution Completed
2025-12-15 18:14:17,542 [NUnit.Fw.ParallelWorker#1] INFO  PageObjectModelFramework.basetest.BaseTest - Test Execution is Started
2025-12-15 18:14:34,856 [NUnit.Fw.ParallelWorker#1] INFO  PageObjectModelFramework.basetest.BaseTest - Used Cars page is launched
2025-12-15 18:14:36,114 [NUnit.Fw.ParallelWorker#1] INFO  PageObjectModelFramework.basetest.BaseTest - Car Brand Name BMW is entered for Search 
2025-12-15 18:14:36,699 [NUnit.Fw.ParallelWorker#1] INFO  PageObjectModelFramework.basetest.BaseTest - search is clicked 
2025-12-15 18:14:37,188 [NUnit.Fw.ParallelWorker#1] ERROR PageObjectModelFramework.basetest.BaseTest - Test execution failed:   Car Name title not matching. Expected: BMW M5, Actual: 134376 Second Hand Cars, Buy Used Cars in India - CarWale
Assert.That(actualTitle, Does.Contain(carname))
  Expected: String containing "BMW M5"
  But was:  "134376 Second Hand Cars, Buy Used Cars in India - CarWale"

NUnit.Framework.AssertionException:   Car Name title not matching. Expected: BMW M5, Actual: 134376 Second Hand Cars, Buy Used Cars in India - CarWale
Assert.That(actualTitle, Does.Contain(carname))
  Expected: String containing "BMW M5"
  But was:  "134376 Second Hand Cars, Buy Used Cars in India - CarWale"

   at NUnit.Framework.Assert.ReportFailure(String message)
   at NUnit.Framework.Assert.ReportFailure(ConstraintResult result, String message, String actualExpression, String constraintExpression)
   at NUnit.Framework.Assert.That[TActual](TActual actual, IResolveConstraint expression, FormattableString message, String actualExpression, String constraintExpression)
   at PageObjectModelFramework.Testcases.FindUsedCarTest.TestFindUsedCar(String browser, String runmode, String carbrand, String cartitle, String carname, String searchtype) in D:\FrameworkCSharpEnhanced\PageObjectModelFramework\PageObjectModelFramework\Testcases\FindUsedCarTest.cs:line 35
2025-12-15 18:14:37,201 [NUnit.Fw.ParallelWorker#1] INFO  PageObjectModelFramework.basetest.BaseTest - Test Execution is Completed
2025-12-15 18:14:41,128 [NUnit.Fw.ParallelWorker#1] INFO  PageObjectModelFramework.basetest.BaseTest - Test Execution is Started
2025-12-15 18:14:56,595 [NUnit.Fw.ParallelWorker#1] INFO  PageObjectModelFramework.basetest.BaseTest - Used Cars page is launched
2025-12-15 18:14:59,732 [NUnit.Fw.ParallelWorker#1] INFO  PageObjectModelFramework.basetest.BaseTest - Car Brand Name BMW is entered for Search 
2025-12-15 18:15:00,048 [NUnit.Fw.ParallelWorker#1] ERROR PageObjectModelFramework.basetest.BaseTest - Test execution failed: Element <svg class="o-aQ o-aS o-aV o-ov o-gV o-ie  o-f o-jK"> is not clickable at point (1020,311) because another element <div class="o-kY o-iB o-aa o-Q o-bO o-cq o-P AKelRf o-D"> obscures it
OpenQA.Selenium.ElementClickInterceptedException: Element <svg class="o-aQ o-aS o-aV o-ov o-gV o-ie  o-f o-jK"> is not clickable at point (1020,311) because another element <div class="o-kY o-iB o-aa o-Q o-bO o-cq o-P AKelRf o-D"> obscures it
   at OpenQA.Selenium.WebDriver.UnpackAndThrowOnError(Response errorResponse, String commandToExecute)
   at OpenQA.Selenium.WebDriver.ExecuteAsync(String driverCommandToExecute, Dictionary`2 parameters)
   at OpenQA.Selenium.WebDriver.Execute(String driverCommandToExecute, Dictionary`2 parameters)
   at OpenQA.Selenium.WebElement.Execute(String commandToExecute, Dictionary`2 parameters)
   at OpenQA.Selenium.WebElement.Click()
   at SeleniumExtras.PageObjects.WebElementProxy.Click()
   at PageObjectModelFramework.pageobjects.UsedCarPage.SearchUsedcars(String carname, String carbrand, String cartitle, String searchtype) in D:\FrameworkCSharpEnhanced\PageObjectModelFramework\PageObjectModelFramework\PageObjects\UsedCarPage.cs:line 45
   at PageObjectModelFramework.Testcases.FindUsedCarTest.TestFindUsedCar(String browser, String runmode, String carbrand, String cartitle, String carname, String searchtype) in D:\FrameworkCSharpEnhanced\PageObjectModelFramework\PageObjectModelFramework\Testcases\FindUsedCarTest.cs:line 29
2025-12-15 18:15:00,061 [NUnit.Fw.ParallelWorker#1] INFO  PageObjectModelFramework.basetest.BaseTest - Test Execution is Completed
2025-12-15 18:15:12,082 [NUnit.Fw.ParallelWorker#4] INFO  PageObjectModelFramework.basetest.BaseTest - Test Execution Completed
2025-12-15 18:16:19,904 [NUnit.Fw.ParallelWorker#2] INFO  PageObjectModelFramework.basetest.BaseTest - Test Execution is Started
2025-12-15 18:16:35,368 [NUnit.Fw.ParallelWorker#2] INFO  PageObjectModelFramework.basetest.BaseTest - Used Cars page is launched
2025-12-15 18:16:36,586 [NUnit.Fw.ParallelWorker#2] INFO  PageObjectModelFramework.basetest.BaseTest - Car Brand Name BMW is entered for Search 
2025-12-15 18:16:36,916 [NUnit.Fw.ParallelWorker#2] ERROR PageObjectModelFramework.basetest.BaseTest - Test execution failed: Element <svg class="o-aQ o-aS o-aV o-ov o-gV o-ie  o-f o-jK"> is not clickable at point (1020,56) because another element <div class="o-kY o-iB o-aa o-Q o-bO o-cq o-P AKelRf o-D"> obscures it
OpenQA.Selenium.ElementClickInterceptedException: Element <svg class="o-aQ o-aS o-aV o-ov o-gV o-ie  o-f o-jK"> is not clickable at point (1020,56) because another element <div class="o-kY o-iB o-aa o-Q o-bO o-cq o-P AKelRf o-D"> obscures it
   at OpenQA.Selenium.WebDriver.UnpackAndThrowOnError(Response errorResponse, String commandToExecute)
   at OpenQA.Selenium.WebDriver.ExecuteAsync(String driverCommandToExecute, Dictionary`2 parameters)
   at OpenQA.Selenium.WebDriver.Execute(String driverCommandToExecute, Dictionary`2 parameters)
   at OpenQA.Selenium.WebElement.Execute(String commandToExecute, Dictionary`2 parameters)
   at OpenQA.Selenium.WebElement.Click()
   at SeleniumExtras.PageObjects.WebElementProxy.Click()
   at PageObjectModelFramework.pageobjects.UsedCarPage.SearchUsedcars(String carname, String carbrand, String cartitle, String searchtype) in D:\FrameworkCSharpEnhanced\PageObjectModelFramework\PageObjectModelFramework\PageObjects\UsedCarPage.cs:line 47
   at PageObjectModelFramework.Testcases.FindUsedCarTest.TestFindUsedCar(String browser, String runmode, String carbrand, String cartitle, String carname, String searchtype) in D:\FrameworkCSharpEnhanced\PageObjectModelFramework\PageObjectModelFramework\Testcases\FindUsedCarTest.cs:line 29
2025-12-15 18:16:37,009 [NUnit.Fw.ParallelWorker#2] INFO  PageObjectModelFramework.basetest.BaseTest - Test Execution is Completed
2025-12-15 18:16:47,838 [NUnit.Fw.ParallelWorker#1] INFO  PageObjectModelFramework.basetest.BaseTest - Test Execution Completed
2025-12-15 18:17:59,467 [NUnit.Fw.ParallelWorker#2] INFO  PageObjectModelFramework.basetest.BaseTest - Test Execution is Started
2025-12-15 18:18:14,823 [NUnit.Fw.ParallelWorker#2] INFO  PageObjectModelFramework.basetest.BaseTest - Used Cars page is launched
2025-12-15 18:18:16,337 [NUnit.Fw.ParallelWorker#2] INFO  PageObjectModelFramework.basetest.BaseTest - Car Brand Name BMW is entered for Search 
2025-12-15 18:18:16,579 [NUnit.Fw.ParallelWorker#2] ERROR PageObjectModelFramework.basetest.BaseTest - Test execution failed: Element <svg class="o-aQ o-aS o-aV o-ov o-gV o-ie  o-f o-jK"> is not clickable at point (1020,63) because another element <div class="o-kY o-iB o-aa o-Q o-bO o-cq o-P AKelRf o-D"> obscures it
OpenQA.Selenium.ElementClickInterceptedException: Element <svg class="o-aQ o-aS o-aV o-ov o-gV o-ie  o-f o-jK"> is not clickable at point (1020,63) because another element <div class="o-kY o-iB o-aa o-Q o-bO o-cq o-P AKelRf o-D"> obscures it
   at OpenQA.Selenium.WebDriver.UnpackAndThrowOnError(Response errorResponse, String commandToExecute)
   at OpenQA.Selenium.WebDriver.ExecuteAsync(String driverCommandToExecute, Dictionary`2 parameters)
   at OpenQA.Selenium.WebDriver.Execute(String driverCommandToExecute, Dictionary`2 parameters)
   at OpenQA.Selenium.WebElement.Execute(String commandToExecute, Dictionary`2 parameters)
   at OpenQA.Selenium.WebElement.Click()
   at SeleniumExtras.PageObjects.WebElementProxy.Click()
   at PageObjectModelFramework.pageobjects.UsedCarPage.SearchUsedcars(String carname, String carbrand, String cartitle, String searchtype) in D:\FrameworkCSharpEnhanced\PageObjectModelFramework\PageObjectModelFramework\PageObjects\UsedCarPage.cs:line 47
   at PageObjectModelFramework.Testcases.FindUsedCarTest.TestFindUsedCar(String browser, String runmode, String carbrand, String cartitle, String carname, String searchtype) in D:\FrameworkCSharpEnhanced\PageObjectModelFramework\PageObjectModelFramework\Testcases\FindUsedCarTest.cs:line 29
2025-12-15 18:18:16,647 [NUnit.Fw.ParallelWorker#2] INFO  PageObjectModelFramework.basetest.BaseTest - Test Execution is Completed
2025-12-15 18:18:29,064 [NUnit.Fw.ParallelWorker#3] INFO  PageObjectModelFramework.basetest.BaseTest - Test Execution Completed
2025-12-15 18:18:48,702 [NUnit.Fw.ParallelWorker#4] INFO  PageObjectModelFramework.basetest.BaseTest - Test Execution is Started
2025-12-15 18:19:03,316 [NUnit.Fw.ParallelWorker#4] INFO  PageObjectModelFramework.basetest.BaseTest - Used Cars page is launched
2025-12-15 18:19:06,984 [NUnit.Fw.ParallelWorker#4] INFO  PageObjectModelFramework.basetest.BaseTest - Car Brand Name BMW is entered for Search 
2025-12-15 18:19:07,148 [NUnit.Fw.ParallelWorker#4] ERROR PageObjectModelFramework.basetest.BaseTest - Test execution failed: Element <svg class="o-aQ o-aS o-aV o-ov o-gV o-ie  o-f o-jK"> is not clickable at point (1020,38) because another element <input class="o-iU o-d o-p o-hl o-jJ o-kY o-j4 o-bQ o-cm o-mL o-nc o-lT o-mf o-cE  VHPviE gRAZ9y  i6iQ_X VHPviE jCabaD o-nc 
       " type="text"> obscures it
OpenQA.Selenium.ElementClickInterceptedException: Element <svg class="o-aQ o-aS o-aV o-ov o-gV o-ie  o-f o-jK"> is not clickable at point (1020,38) because another element <input class="o-iU o-d o-p o-hl o-jJ o-kY o-j4 o-bQ o-cm o-mL o-nc o-lT o-mf o-cE  VHPviE gRAZ9y  i6iQ_X VHPviE jCabaD o-nc 
       " type="text"> obscures it
   at OpenQA.Selenium.WebDriver.UnpackAndThrowOnError(Response errorResponse, String commandToExecute)
   at OpenQA.Selenium.WebDriver.ExecuteAsync(String driverCommandToExecute, Dictionary`2 parameters)
   at OpenQA.Selenium.WebDriver.Execute(String driverCommandToExecute, Dictionary`2 parameters)
   at OpenQA.Selenium.WebElement.Execute(String commandToExecute, Dictionary`2 parameters)
   at OpenQA.Selenium.WebElement.Click()
   at SeleniumExtras.PageObjects.WebElementProxy.Click()
   at PageObjectModelFramework.pageobjects.UsedCarPage.SearchUsedcars(String carname, String carbrand, String cartitle, String searchtype) in D:\FrameworkCSharpEnhanced\PageObjectModelFramework\PageObjectModelFramework\PageObjects\UsedCarPage.cs:line 47
   at PageObjectModelFramework.Testcases.FindUsedCarTest.TestFindUsedCar(String browser, String runmode, String carbrand, String cartitle, String carname, String searchtype) in D:\FrameworkCSharpEnhanced\PageObjectModelFramework\PageObjectModelFramework\Testcases\FindUsedCarTest.cs:line 29
2025-12-15 18:19:07,227 [NUnit.Fw.ParallelWorker#4] INFO  PageObjectModelFramework.basetest.BaseTest - Test Execution is Completed
2025-12-15 18:19:18,955 [NUnit.Fw.ParallelWorker#2] INFO  PageObjectModelFramework.basetest.BaseTest - Test Execution Completed
2025-12-15 18:20:15,568 [NUnit.Fw.ParallelWorker#2] INFO  PageObjectModelFramework.basetest.BaseTest - Test Execution is Started
2025-12-15 18:20:35,396 [NUnit.Fw.ParallelWorker#2] INFO  PageObjectModelFramework.basetest.BaseTest - Used Cars page is launched
2025-12-15 18:20:36,719 [NUnit.Fw.ParallelWorker#2] INFO  PageObjectModelFramework.basetest.BaseTest - Car Brand Name BMW is entered for Search 
2025-12-15 18:20:37,216 [NUnit.Fw.ParallelWorker#2] INFO  PageObjectModelFramework.basetest.BaseTest - search is clicked 
2025-12-15 18:20:37,512 [NUnit.Fw.ParallelWorker#2] ERROR PageObjectModelFramework.basetest.BaseTest - Test execution failed:   Car Name title not matching. Expected: BMW M5, Actual: 134326 Second Hand Cars, Buy Used Cars in India - CarWale
Assert.That(actualTitle, Does.Contain(carname))
  Expected: String containing "BMW M5"
  But was:  "134326 Second Hand Cars, Buy Used Cars in India - CarWale"

NUnit.Framework.AssertionException:   Car Name title not matching. Expected: BMW M5, Actual: 134326 Second Hand Cars, Buy Used Cars in India - CarWale
Assert.That(actualTitle, Does.Contain(carname))
  Expected: String containing "BMW M5"
  But was:  "134326 Second Hand Cars, Buy Used Cars in India - CarWale"

   at NUnit.Framework.Assert.ReportFailure(String message)
   at NUnit.Framework.Assert.ReportFailure(ConstraintResult result, String message, String actualExpression, String constraintExpression)
   at NUnit.Framework.Assert.That[TActual](TActual actual, IResolveConstraint expression, FormattableString message, String actualExpression, String constraintExpression)
   at PageObjectModelFramework.Testcases.FindUsedCarTest.TestFindUsedCar(String browser, String runmode, String carbrand, String cartitle, String carname, String searchtype) in D:\FrameworkCSharpEnhanced\PageObjectModelFramework\PageObjectModelFramework\Testcases\FindUsedCarTest.cs:line 35
2025-12-15 18:20:37,563 [NUnit.Fw.ParallelWorker#2] INFO  PageObjectModelFramework.basetest.BaseTest - Test Execution is Completed
2025-12-15 18:20:41,205 [NUnit.Fw.ParallelWorker#2] INFO  PageObjectModelFramework.basetest.BaseTest - Test Execution is Started
2025-12-15 18:20:58,120 [NUnit.Fw.ParallelWorker#2] INFO  PageObjectModelFramework.basetest.BaseTest - Used Cars page is launched
2025-12-15 18:21:01,186 [NUnit.Fw.ParallelWorker#2] INFO  PageObjectModelFramework.basetest.BaseTest - Car Brand Name BMW is entered for Search 
2025-12-15 18:21:01,752 [NUnit.Fw.ParallelWorker#2] INFO  PageObjectModelFramework.basetest.BaseTest - search is clicked 
2025-12-15 18:21:02,043 [NUnit.Fw.ParallelWorker#2] ERROR PageObjectModelFramework.basetest.BaseTest - Test execution failed:   Car Name title not matching. Expected: BMW M5, Actual: 134327 Second Hand Cars, Buy Used Cars in India - CarWale
Assert.That(actualTitle, Does.Contain(carname))
  Expected: String containing "BMW M5"
  But was:  "134327 Second Hand Cars, Buy Used Cars in India - CarWale"

NUnit.Framework.AssertionException:   Car Name title not matching. Expected: BMW M5, Actual: 134327 Second Hand Cars, Buy Used Cars in India - CarWale
Assert.That(actualTitle, Does.Contain(carname))
  Expected: String containing "BMW M5"
  But was:  "134327 Second Hand Cars, Buy Used Cars in India - CarWale"

   at NUnit.Framework.Assert.ReportFailure(String message)
   at NUnit.Framework.Assert.ReportFailure(ConstraintResult result, String message, String actualExpression, String constraintExpression)
   at NUnit.Framework.Assert.That[TActual](TActual actual, IResolveConstraint expression, FormattableString message, String actualExpression, String constraintExpression)
   at PageObjectModelFramework.Testcases.FindUsedCarTest.TestFindUsedCar(String browser, String runmode, String carbrand, String cartitle, String carname, String searchtype) in D:\FrameworkCSharpEnhanced\PageObjectModelFramework\PageObjectModelFramework\Testcases\FindUsedCarTest.cs:line 35
2025-12-15 18:21:02,045 [NUnit.Fw.ParallelWorker#2] INFO  PageObjectModelFramework.basetest.BaseTest - Test Execution is Completed
2025-12-15 18:21:13,584 [NUnit.Fw.ParallelWorker#1] INFO  PageObjectModelFramework.basetest.BaseTest - Test Execution Completed
2025-12-15 18:22:08,172 [NUnit.Fw.ParallelWorker#2] INFO  PageObjectModelFramework.basetest.BaseTest - Test Execution is Started
2025-12-15 18:22:33,689 [NUnit.Fw.ParallelWorker#2] ERROR PageObjectModelFramework.basetest.BaseTest - Test execution failed: Timed out after 10 seconds
OpenQA.Selenium.WebDriverTimeoutException: Timed out after 10 seconds
 ---> OpenQA.Selenium.NoSuchElementException: Could not find element by: By.XPath: //div[contains(text(),'Explore Used Cars')]; For documentation on this error, please visit: https://www.selenium.dev/documentation/webdriver/troubleshooting/errors#nosuchelementexception
   at SeleniumExtras.PageObjects.DefaultElementLocator.LocateElement(IEnumerable`1 bys)
   at SeleniumExtras.PageObjects.WebElementProxy.get_WrappedElement()
   at SeleniumExtras.PageObjects.WebElementProxy.get_Enabled()
   at PageObjectModelFramework.utilities.WaitHelper.<>c__DisplayClass4_0.<WaitForElementToBeClickable>b__0(IWebDriver drv) in D:\FrameworkCSharpEnhanced\PageObjectModelFramework\PageObjectModelFramework\Utils\WaitHelper.cs:line 33
   at OpenQA.Selenium.Support.UI.DefaultWait`1.Until[TResult](Func`2 condition, CancellationToken token)
   --- End of inner exception stack trace ---
   at OpenQA.Selenium.Support.UI.DefaultWait`1.ThrowTimeoutException(String exceptionMessage, Exception lastException)
   at OpenQA.Selenium.Support.UI.DefaultWait`1.Until[TResult](Func`2 condition, CancellationToken token)
   at OpenQA.Selenium.Support.UI.DefaultWait`1.Until[TResult](Func`2 condition)
   at PageObjectModelFramework.utilities.WaitHelper.WaitForElementToBeClickable(IWebElement element, Int32 timeoutInSeconds) in D:\FrameworkCSharpEnhanced\PageObjectModelFramework\PageObjectModelFramework\Utils\WaitHelper.cs:line 29
   at PageObjectModelFramework.pageobjects.BasePage.WaitForElementToBeClickable(IWebElement element) in D:\FrameworkCSharpEnhanced\PageObjectModelFramework\PageObjectModelFramework\PageObjects\BasePage.cs:line 35
   at PageObjectModelFramework.pageobjects.HomePage.ExploreUsedCar() in D:\FrameworkCSharpEnhanced\PageObjectModelFramework\PageObjectModelFramework\PageObjects\HomePage.cs:line 74
   at PageObjectModelFramework.Testcases.FindUsedCarTest.TestFindUsedCar(String browser, String runmode, String carbrand, String cartitle, String carname, String searchtype) in D:\FrameworkCSharpEnhanced\PageObjectModelFramework\PageObjectModelFramework\Testcases\FindUsedCarTest.cs:line 29
2025-12-15 18:22:33,720 [NUnit.Fw.ParallelWorker#2] INFO  PageObjectModelFramework.basetest.BaseTest - Test Execution is Completed
2025-12-15 18:22:46,483 [NUnit.Fw.ParallelWorker#2] INFO  PageObjectModelFramework.basetest.BaseTest - Test Execution Completed
2025-12-15 18:22:53,420 [NUnit.Fw.ParallelWorker#2] INFO  PageObjectModelFramework.basetest.BaseTest - Test Execution is Started
2025-12-15 18:23:09,194 [NUnit.Fw.ParallelWorker#2] INFO  PageObjectModelFramework.basetest.BaseTest - Used Cars page is launched
2025-12-15 18:23:11,121 [NUnit.Fw.ParallelWorker#2] INFO  PageObjectModelFramework.basetest.BaseTest - Car Brand Name BMW is entered for Search 
2025-12-15 18:23:11,798 [NUnit.Fw.ParallelWorker#2] INFO  PageObjectModelFramework.basetest.BaseTest - search is clicked 
2025-12-15 18:23:20,994 [NUnit.Fw.ParallelWorker#2] ERROR PageObjectModelFramework.basetest.BaseTest - Test execution failed:   Car Name title not matching. Expected: BMW M5, Actual: 134315 Second Hand Cars, Buy Used Cars in India - CarWale
Assert.That(actualTitle, Does.Contain(carname))
  Expected: String containing "BMW M5"
  But was:  "134315 Second Hand Cars, Buy Used Cars in India - CarWale"

NUnit.Framework.AssertionException:   Car Name title not matching. Expected: BMW M5, Actual: 134315 Second Hand Cars, Buy Used Cars in India - CarWale
Assert.That(actualTitle, Does.Contain(carname))
  Expected: String containing "BMW M5"
  But was:  "134315 Second Hand Cars, Buy Used Cars in India - CarWale"

   at NUnit.Framework.Assert.ReportFailure(String message)
   at NUnit.Framework.Assert.ReportFailure(ConstraintResult result, String message, String actualExpression, String constraintExpression)
   at NUnit.Framework.Assert.That[TActual](TActual actual, IResolveConstraint expression, FormattableString message, String actualExpression, String constraintExpression)
   at PageObjectModelFramework.Testcases.FindUsedCarTest.TestFindUsedCar(String browser, String runmode, String carbrand, String cartitle, String carname, String searchtype) in D:\FrameworkCSharpEnhanced\PageObjectModelFramework\PageObjectModelFramework\Testcases\FindUsedCarTest.cs:line 35
2025-12-15 18:23:21,000 [NUnit.Fw.ParallelWorker#2] INFO  PageObjectModelFramework.basetest.BaseTest - Test Execution is Completed
2025-12-15 18:23:24,627 [NUnit.Fw.ParallelWorker#2] INFO  PageObjectModelFramework.basetest.BaseTest - Test Execution is Started
2025-12-15 18:23:40,335 [NUnit.Fw.ParallelWorker#2] INFO  PageObjectModelFramework.basetest.BaseTest - Used Cars page is launched
2025-12-15 18:23:44,379 [NUnit.Fw.ParallelWorker#2] INFO  PageObjectModelFramework.basetest.BaseTest - Car Brand Name BMW is entered for Search 
2025-12-15 18:23:52,447 [NUnit.Fw.ParallelWorker#2] INFO  PageObjectModelFramework.basetest.BaseTest - search is clicked 
2025-12-15 18:24:01,743 [NUnit.Fw.ParallelWorker#2] ERROR PageObjectModelFramework.basetest.BaseTest - Test execution failed:   Car Name title not matching. Expected: BMW M5, Actual: 248 Used BMW Cars in Bangalore, Second Hand BMW Cars for Sale in Bangalore - CarWale
Assert.That(actualTitle, Does.Contain(carname))
  Expected: String containing "BMW M5"
  But was:  "248 Used BMW Cars in Bangalore, Second Hand BMW Cars for Sale in Bangalore - CarWale"

NUnit.Framework.AssertionException:   Car Name title not matching. Expected: BMW M5, Actual: 248 Used BMW Cars in Bangalore, Second Hand BMW Cars for Sale in Bangalore - CarWale
Assert.That(actualTitle, Does.Contain(carname))
  Expected: String containing "BMW M5"
  But was:  "248 Used BMW Cars in Bangalore, Second Hand BMW Cars for Sale in Bangalore - CarWale"

   at NUnit.Framework.Assert.ReportFailure(String message)
   at NUnit.Framework.Assert.ReportFailure(ConstraintResult result, String message, String actualExpression, String constraintExpression)
   at NUnit.Framework.Assert.That[TActual](TActual actual, IResolveConstraint expression, FormattableString message, String actualExpression, String constraintExpression)
   at PageObjectModelFramework.Testcases.FindUsedCarTest.TestFindUsedCar(String browser, String runmode, String carbrand, String cartitle, String carname, String searchtype) in D:\FrameworkCSharpEnhanced\PageObjectModelFramework\PageObjectModelFramework\Testcases\FindUsedCarTest.cs:line 35
2025-12-15 18:24:01,744 [NUnit.Fw.ParallelWorker#2] INFO  PageObjectModelFramework.basetest.BaseTest - Test Execution is Completed
2025-12-15 18:24:12,829 [NUnit.Fw.ParallelWorker#1] INFO  PageObjectModelFramework.basetest.BaseTest - Test Execution Completed
2025-12-15 18:26:27,653 [NUnit.Fw.ParallelWorker#2] INFO  PageObjectModelFramework.basetest.BaseTest - Test Execution is Started
2025-12-15 18:26:46,405 [NUnit.Fw.ParallelWorker#2] INFO  PageObjectModelFramework.basetest.BaseTest - Used Cars page is launched
2025-12-15 18:26:47,692 [NUnit.Fw.ParallelWorker#2] INFO  PageObjectModelFramework.basetest.BaseTest - Car Brand Name BMW is entered for Search 
2025-12-15 18:26:48,419 [NUnit.Fw.ParallelWorker#2] INFO  PageObjectModelFramework.basetest.BaseTest - search is clicked 
2025-12-15 18:26:48,736 [NUnit.Fw.ParallelWorker#2] ERROR PageObjectModelFramework.basetest.BaseTest - Test execution failed:   Car Name title not matching. Expected: BMW M5, Actual: 134312 Second Hand Cars, Buy Used Cars in India - CarWale
Assert.That(actualTitle, Does.Contain(carname))
  Expected: String containing "BMW M5"
  But was:  "134312 Second Hand Cars, Buy Used Cars in India - CarWale"

NUnit.Framework.AssertionException:   Car Name title not matching. Expected: BMW M5, Actual: 134312 Second Hand Cars, Buy Used Cars in India - CarWale
Assert.That(actualTitle, Does.Contain(carname))
  Expected: String containing "BMW M5"
  But was:  "134312 Second Hand Cars, Buy Used Cars in India - CarWale"

   at NUnit.Framework.Assert.ReportFailure(String message)
   at NUnit.Framework.Assert.ReportFailure(ConstraintResult result, String message, String actualExpression, String constraintExpression)
   at NUnit.Framework.Assert.That[TActual](TActual actual, IResolveConstraint expression, FormattableString message, String actualExpression, String constraintExpression)
   at PageObjectModelFramework.Testcases.FindUsedCarTest.TestFindUsedCar(String browser, String runmode, String carbrand, String cartitle, String carname, String searchtype) in D:\FrameworkCSharpEnhanced\PageObjectModelFramework\PageObjectModelFramework\Testcases\FindUsedCarTest.cs:line 35
2025-12-15 18:26:48,760 [NUnit.Fw.ParallelWorker#2] INFO  PageObjectModelFramework.basetest.BaseTest - Test Execution is Completed
2025-12-15 18:26:53,712 [NUnit.Fw.ParallelWorker#2] INFO  PageObjectModelFramework.basetest.BaseTest - Test Execution is Started
2025-12-15 18:27:13,137 [NUnit.Fw.ParallelWorker#2] INFO  PageObjectModelFramework.basetest.BaseTest - Used Cars page is launched
2025-12-15 18:27:14,624 [NUnit.Fw.ParallelWorker#2] INFO  PageObjectModelFramework.basetest.BaseTest - Car Brand Name BMW is entered for Search 
2025-12-15 18:27:27,834 [NUnit.Fw.ParallelWorker#2] INFO  PageObjectModelFramework.basetest.BaseTest - search is clicked 
2025-12-15 18:27:28,090 [NUnit.Fw.ParallelWorker#2] ERROR PageObjectModelFramework.basetest.BaseTest - Test execution failed:   Car Name title not matching. Expected: BMW M5, Actual: 248 Used BMW Cars in Bangalore, Second Hand BMW Cars for Sale in Bangalore - CarWale
Assert.That(actualTitle, Does.Contain(carname))
  Expected: String containing "BMW M5"
  But was:  "248 Used BMW Cars in Bangalore, Second Hand BMW Cars for Sale in Bangalore - CarWale"

NUnit.Framework.AssertionException:   Car Name title not matching. Expected: BMW M5, Actual: 248 Used BMW Cars in Bangalore, Second Hand BMW Cars for Sale in Bangalore - CarWale
Assert.That(actualTitle, Does.Contain(carname))
  Expected: String containing "BMW M5"
  But was:  "248 Used BMW Cars in Bangalore, Second Hand BMW Cars for Sale in Bangalore - CarWale"

   at NUnit.Framework.Assert.ReportFailure(String message)
   at NUnit.Framework.Assert.ReportFailure(ConstraintResult result, String message, String actualExpression, String constraintExpression)
   at NUnit.Framework.Assert.That[TActual](TActual actual, IResolveConstraint expression, FormattableString message, String actualExpression, String constraintExpression)
   at PageObjectModelFramework.Testcases.FindUsedCarTest.TestFindUsedCar(String browser, String runmode, String carbrand, String cartitle, String carname, String searchtype) in D:\FrameworkCSharpEnhanced\PageObjectModelFramework\PageObjectModelFramework\Testcases\FindUsedCarTest.cs:line 35
2025-12-15 18:27:28,092 [NUnit.Fw.ParallelWorker#2] INFO  PageObjectModelFramework.basetest.BaseTest - Test Execution is Completed
2025-12-15 18:27:41,965 [NUnit.Fw.ParallelWorker#3] INFO  PageObjectModelFramework.basetest.BaseTest - Test Execution Completed
2025-12-15 18:28:02,107 [NUnit.Fw.ParallelWorker#2] INFO  PageObjectModelFramework.basetest.BaseTest - Test Execution is Started
2025-12-15 18:28:17,061 [NUnit.Fw.ParallelWorker#2] INFO  PageObjectModelFramework.basetest.BaseTest - Used Cars page is launched
2025-12-15 18:28:18,225 [NUnit.Fw.ParallelWorker#2] INFO  PageObjectModelFramework.basetest.BaseTest - Car Brand Name BMW is entered for Search 
2025-12-15 18:28:18,613 [NUnit.Fw.ParallelWorker#2] INFO  PageObjectModelFramework.basetest.BaseTest - search is clicked 
2025-12-15 18:28:18,967 [NUnit.Fw.ParallelWorker#2] ERROR PageObjectModelFramework.basetest.BaseTest - Test execution failed:   Car Name title not matching. Expected: BMW M5, Actual: 134307 Second Hand Cars, Buy Used Cars in India - CarWale
Assert.That(actualTitle, Does.Contain(carname))
  Expected: String containing "BMW M5"
  But was:  "134307 Second Hand Cars, Buy Used Cars in India - CarWale"

NUnit.Framework.AssertionException:   Car Name title not matching. Expected: BMW M5, Actual: 134307 Second Hand Cars, Buy Used Cars in India - CarWale
Assert.That(actualTitle, Does.Contain(carname))
  Expected: String containing "BMW M5"
  But was:  "134307 Second Hand Cars, Buy Used Cars in India - CarWale"

   at NUnit.Framework.Assert.ReportFailure(String message)
   at NUnit.Framework.Assert.ReportFailure(ConstraintResult result, String message, String actualExpression, String constraintExpression)
   at NUnit.Framework.Assert.That[TActual](TActual actual, IResolveConstraint expression, FormattableString message, String actualExpression, String constraintExpression)
   at PageObjectModelFramework.Testcases.FindUsedCarTest.TestFindUsedCar(String browser, String runmode, String carbrand, String cartitle, String carname, String searchtype) in D:\FrameworkCSharpEnhanced\PageObjectModelFramework\PageObjectModelFramework\Testcases\FindUsedCarTest.cs:line 35
2025-12-15 18:28:19,013 [NUnit.Fw.ParallelWorker#2] INFO  PageObjectModelFramework.basetest.BaseTest - Test Execution is Completed
2025-12-15 18:28:22,329 [NUnit.Fw.ParallelWorker#2] INFO  PageObjectModelFramework.basetest.BaseTest - Test Execution is Started
2025-12-15 18:28:44,235 [NUnit.Fw.ParallelWorker#2] ERROR PageObjectModelFramework.basetest.BaseTest - Test execution failed: Timed out after 10 seconds
OpenQA.Selenium.WebDriverTimeoutException: Timed out after 10 seconds
 ---> OpenQA.Selenium.NoSuchElementException: Could not find element by: By.XPath: //div[contains(text(),'Explore Used Cars')]; For documentation on this error, please visit: https://www.selenium.dev/documentation/webdriver/troubleshooting/errors#nosuchelementexception
   at SeleniumExtras.PageObjects.DefaultElementLocator.LocateElement(IEnumerable`1 bys)
   at SeleniumExtras.PageObjects.WebElementProxy.get_WrappedElement()
   at SeleniumExtras.PageObjects.WebElementProxy.get_Enabled()
   at PageObjectModelFramework.utilities.WaitHelper.<>c__DisplayClass4_0.<WaitForElementToBeClickable>b__0(IWebDriver drv) in D:\FrameworkCSharpEnhanced\PageObjectModelFramework\PageObjectModelFramework\Utils\WaitHelper.cs:line 33
   at OpenQA.Selenium.Support.UI.DefaultWait`1.Until[TResult](Func`2 condition, CancellationToken token)
   --- End of inner exception stack trace ---
   at OpenQA.Selenium.Support.UI.DefaultWait`1.ThrowTimeoutException(String exceptionMessage, Exception lastException)
   at OpenQA.Selenium.Support.UI.DefaultWait`1.Until[TResult](Func`2 condition, CancellationToken token)
   at OpenQA.Selenium.Support.UI.DefaultWait`1.Until[TResult](Func`2 condition)
   at PageObjectModelFramework.utilities.WaitHelper.WaitForElementToBeClickable(IWebElement element, Int32 timeoutInSeconds) in D:\FrameworkCSharpEnhanced\PageObjectModelFramework\PageObjectModelFramework\Utils\WaitHelper.cs:line 29
   at PageObjectModelFramework.pageobjects.BasePage.WaitForElementToBeClickable(IWebElement element) in D:\FrameworkCSharpEnhanced\PageObjectModelFramework\PageObjectModelFramework\PageObjects\BasePage.cs:line 35
   at PageObjectModelFramework.pageobjects.HomePage.ExploreUsedCar() in D:\FrameworkCSharpEnhanced\PageObjectModelFramework\PageObjectModelFramework\PageObjects\HomePage.cs:line 74
   at PageObjectModelFramework.Testcases.FindUsedCarTest.TestFindUsedCar(String browser, String runmode, String carbrand, String cartitle, String carname, String searchtype) in D:\FrameworkCSharpEnhanced\PageObjectModelFramework\PageObjectModelFramework\Testcases\FindUsedCarTest.cs:line 29
2025-12-15 18:28:44,242 [NUnit.Fw.ParallelWorker#2] INFO  PageObjectModelFramework.basetest.BaseTest - Test Execution is Completed
2025-12-15 18:28:55,851 [NUnit.Fw.ParallelWorker#4] INFO  PageObjectModelFramework.basetest.BaseTest - Test Execution Completed
2025-12-15 18:29:36,141 [NUnit.Fw.ParallelWorker#1] INFO  PageObjectModelFramework.basetest.BaseTest - Test Execution is Started
2025-12-15 18:29:51,850 [NUnit.Fw.ParallelWorker#1] INFO  PageObjectModelFramework.basetest.BaseTest - Used Cars page is launched
2025-12-15 18:29:53,258 [NUnit.Fw.ParallelWorker#1] INFO  PageObjectModelFramework.basetest.BaseTest - Car Brand Name BMW is entered for Search 
2025-12-15 18:29:53,857 [NUnit.Fw.ParallelWorker#1] INFO  PageObjectModelFramework.basetest.BaseTest - search is clicked 
2025-12-15 18:29:53,968 [NUnit.Fw.ParallelWorker#1] ERROR PageObjectModelFramework.basetest.BaseTest - Test execution failed:   Car Name title not matching. Expected: BMW M5, Actual: 134305 Second Hand Cars, Buy Used Cars in India - CarWale
Assert.That(actualTitle, Does.Contain(carname))
  Expected: String containing "BMW M5"
  But was:  "134305 Second Hand Cars, Buy Used Cars in India - CarWale"

NUnit.Framework.AssertionException:   Car Name title not matching. Expected: BMW M5, Actual: 134305 Second Hand Cars, Buy Used Cars in India - CarWale
Assert.That(actualTitle, Does.Contain(carname))
  Expected: String containing "BMW M5"
  But was:  "134305 Second Hand Cars, Buy Used Cars in India - CarWale"

   at NUnit.Framework.Assert.ReportFailure(String message)
   at NUnit.Framework.Assert.ReportFailure(ConstraintResult result, String message, String actualExpression, String constraintExpression)
   at NUnit.Framework.Assert.That[TActual](TActual actual, IResolveConstraint expression, FormattableString message, String actualExpression, String constraintExpression)
   at PageObjectModelFramework.Testcases.FindUsedCarTest.TestFindUsedCar(String browser, String runmode, String carbrand, String cartitle, String carname, String searchtype) in D:\FrameworkCSharpEnhanced\PageObjectModelFramework\PageObjectModelFramework\Testcases\FindUsedCarTest.cs:line 35
2025-12-15 18:29:53,987 [NUnit.Fw.ParallelWorker#1] INFO  PageObjectModelFramework.basetest.BaseTest - Test Execution is Completed
2025-12-15 18:29:57,580 [NUnit.Fw.ParallelWorker#1] INFO  PageObjectModelFramework.basetest.BaseTest - Test Execution is Started
2025-12-15 18:30:12,755 [NUnit.Fw.ParallelWorker#1] INFO  PageObjectModelFramework.basetest.BaseTest - Used Cars page is launched
2025-12-15 18:30:15,902 [NUnit.Fw.ParallelWorker#1] INFO  PageObjectModelFramework.basetest.BaseTest - Car Brand Name BMW is entered for Search 
2025-12-15 18:30:23,723 [NUnit.Fw.ParallelWorker#1] INFO  PageObjectModelFramework.basetest.BaseTest - search is clicked 
2025-12-15 18:30:24,021 [NUnit.Fw.ParallelWorker#1] ERROR PageObjectModelFramework.basetest.BaseTest - Test execution failed:   Car Name title not matching. Expected: BMW M5, Actual: 248 Used BMW Cars in Bangalore, Second Hand BMW Cars for Sale in Bangalore - CarWale
Assert.That(actualTitle, Does.Contain(carname))
  Expected: String containing "BMW M5"
  But was:  "248 Used BMW Cars in Bangalore, Second Hand BMW Cars for Sale in Bangalore - CarWale"

NUnit.Framework.AssertionException:   Car Name title not matching. Expected: BMW M5, Actual: 248 Used BMW Cars in Bangalore, Second Hand BMW Cars for Sale in Bangalore - CarWale
Assert.That(actualTitle, Does.Contain(carname))
  Expected: String containing "BMW M5"
  But was:  "248 Used BMW Cars in Bangalore, Second Hand BMW Cars for Sale in Bangalore - CarWale"

   at NUnit.Framework.Assert.ReportFailure(String message)
   at NUnit.Framework.Assert.ReportFailure(ConstraintResult result, String message, String actualExpression, String constraintExpression)
   at NUnit.Framework.Assert.That[TActual](TActual actual, IResolveConstraint expression, FormattableString message, String actualExpression, String constraintExpression)
   at PageObjectModelFramework.Testcases.FindUsedCarTest.TestFindUsedCar(String browser, String runmode, String carbrand, String cartitle, String carname, String searchtype) in D:\FrameworkCSharpEnhanced\PageObjectModelFramework\PageObjectModelFramework\Testcases\FindUsedCarTest.cs:line 35
2025-12-15 18:30:24,023 [NUnit.Fw.ParallelWorker#1] INFO  PageObjectModelFramework.basetest.BaseTest - Test Execution is Completed
2025-12-15 18:30:35,958 [NUnit.Fw.ParallelWorker#4] INFO  PageObjectModelFramework.basetest.BaseTest - Test Execution Completed
2025-12-15 18:40:38,621 [NUnit.Fw.ParallelWorker#2] INFO  PageObjectModelFramework.basetest.BaseTest - Test Execution is Started
2025-12-15 18:40:53,205 [NUnit.Fw.ParallelWorker#2] INFO  PageObjectModelFramework.basetest.BaseTest - Used Cars page is launched
2025-12-15 18:40:55,158 [NUnit.Fw.ParallelWorker#2] INFO  PageObjectModelFramework.basetest.BaseTest - Car Brand Name BMW is entered for Search 
2025-12-15 18:40:56,445 [NUnit.Fw.ParallelWorker#2] INFO  PageObjectModelFramework.basetest.BaseTest - search is clicked 
2025-12-15 18:40:57,063 [NUnit.Fw.ParallelWorker#2] ERROR PageObjectModelFramework.basetest.BaseTest - Test execution failed:   Car Name title not matching. Expected: BMW, Actual: 134284 Second Hand Cars, Buy Used Cars in India - CarWale
Assert.That(actualTitle, Does.Contain(carbrand))
  Expected: String containing "BMW"
  But was:  "134284 Second Hand Cars, Buy Used Cars in India - CarWale"

NUnit.Framework.AssertionException:   Car Name title not matching. Expected: BMW, Actual: 134284 Second Hand Cars, Buy Used Cars in India - CarWale
Assert.That(actualTitle, Does.Contain(carbrand))
  Expected: String containing "BMW"
  But was:  "134284 Second Hand Cars, Buy Used Cars in India - CarWale"

   at NUnit.Framework.Assert.ReportFailure(String message)
   at NUnit.Framework.Assert.ReportFailure(ConstraintResult result, String message, String actualExpression, String constraintExpression)
   at NUnit.Framework.Assert.That[TActual](TActual actual, IResolveConstraint expression, FormattableString message, String actualExpression, String constraintExpression)
   at PageObjectModelFramework.Testcases.FindUsedCarTest.TestFindUsedCar(String browser, String runmode, String carbrand, String cartitle, String carname, String searchtype) in D:\FrameworkCSharpEnhanced\PageObjectModelFramework\PageObjectModelFramework\Testcases\FindUsedCarTest.cs:line 35
2025-12-15 18:40:57,102 [NUnit.Fw.ParallelWorker#2] INFO  PageObjectModelFramework.basetest.BaseTest - Test Execution is Completed
2025-12-15 18:41:00,628 [NUnit.Fw.ParallelWorker#2] INFO  PageObjectModelFramework.basetest.BaseTest - Test Execution is Started
2025-12-15 18:41:15,489 [NUnit.Fw.ParallelWorker#2] INFO  PageObjectModelFramework.basetest.BaseTest - Used Cars page is launched
2025-12-15 18:41:18,594 [NUnit.Fw.ParallelWorker#2] INFO  PageObjectModelFramework.basetest.BaseTest - Car Brand Name BMW is entered for Search 
2025-12-15 18:41:19,151 [NUnit.Fw.ParallelWorker#2] INFO  PageObjectModelFramework.basetest.BaseTest - search is clicked 
2025-12-15 18:41:19,262 [NUnit.Fw.ParallelWorker#2] ERROR PageObjectModelFramework.basetest.BaseTest - Test execution failed:   Car Name title not matching. Expected: BMW, Actual: 134284 Second Hand Cars, Buy Used Cars in India - CarWale
Assert.That(actualTitle, Does.Contain(carbrand))
  Expected: String containing "BMW"
  But was:  "134284 Second Hand Cars, Buy Used Cars in India - CarWale"

NUnit.Framework.AssertionException:   Car Name title not matching. Expected: BMW, Actual: 134284 Second Hand Cars, Buy Used Cars in India - CarWale
Assert.That(actualTitle, Does.Contain(carbrand))
  Expected: String containing "BMW"
  But was:  "134284 Second Hand Cars, Buy Used Cars in India - CarWale"

   at NUnit.Framework.Assert.ReportFailure(String message)
   at NUnit.Framework.Assert.ReportFailure(ConstraintResult result, String message, String actualExpression, String constraintExpression)
   at NUnit.Framework.Assert.That[TActual](TActual actual, IResolveConstraint expression, FormattableString message, String actualExpression, String constraintExpression)
   at PageObjectModelFramework.Testcases.FindUsedCarTest.TestFindUsedCar(String browser, String runmode, String carbrand, String cartitle, String carname, String searchtype) in D:\FrameworkCSharpEnhanced\PageObjectModelFramework\PageObjectModelFramework\Testcases\FindUsedCarTest.cs:line 35
2025-12-15 18:41:19,263 [NUnit.Fw.ParallelWorker#2] INFO  PageObjectModelFramework.basetest.BaseTest - Test Execution is Completed
2025-12-15 18:41:30,601 [NUnit.Fw.ParallelWorker#1] INFO  PageObjectModelFramework.basetest.BaseTest - Test Execution Completed
2025-12-15 18:43:30,083 [NUnit.Fw.ParallelWorker#3] INFO  PageObjectModelFramework.basetest.BaseTest - Test Execution is Started
2025-12-15 18:43:46,594 [NUnit.Fw.ParallelWorker#3] INFO  PageObjectModelFramework.basetest.BaseTest - Used Cars page is launched
2025-12-15 18:43:48,112 [NUnit.Fw.ParallelWorker#3] INFO  PageObjectModelFramework.basetest.BaseTest - Car Brand Name BMW is entered for Search 
2025-12-15 18:43:48,510 [NUnit.Fw.ParallelWorker#3] INFO  PageObjectModelFramework.basetest.BaseTest - search is clicked 
2025-12-15 18:43:48,831 [NUnit.Fw.ParallelWorker#3] ERROR PageObjectModelFramework.basetest.BaseTest - Test execution failed:   Car Name title not matching. Expected: BMW, Actual: 134278 Second Hand Cars, Buy Used Cars in India - CarWale
Assert.That(actualTitle, Does.Contain(carbrand))
  Expected: String containing "BMW"
  But was:  "134278 Second Hand Cars, Buy Used Cars in India - CarWale"

NUnit.Framework.AssertionException:   Car Name title not matching. Expected: BMW, Actual: 134278 Second Hand Cars, Buy Used Cars in India - CarWale
Assert.That(actualTitle, Does.Contain(carbrand))
  Expected: String containing "BMW"
  But was:  "134278 Second Hand Cars, Buy Used Cars in India - CarWale"

   at NUnit.Framework.Assert.ReportFailure(String message)
   at NUnit.Framework.Assert.ReportFailure(ConstraintResult result, String message, String actualExpression, String constraintExpression)
   at NUnit.Framework.Assert.That[TActual](TActual actual, IResolveConstraint expression, FormattableString message, String actualExpression, String constraintExpression)
   at PageObjectModelFramework.Testcases.FindUsedCarTest.TestFindUsedCar(String browser, String runmode, String carbrand, String cartitle, String carname, String searchtype) in D:\FrameworkCSharpEnhanced\PageObjectModelFramework\PageObjectModelFramework\Testcases\FindUsedCarTest.cs:line 35
2025-12-15 18:43:48,863 [NUnit.Fw.ParallelWorker#3] INFO  PageObjectModelFramework.basetest.BaseTest - Test Execution is Completed
2025-12-15 18:43:52,382 [NUnit.Fw.ParallelWorker#3] INFO  PageObjectModelFramework.basetest.BaseTest - Test Execution is Started
2025-12-15 18:44:07,191 [NUnit.Fw.ParallelWorker#3] INFO  PageObjectModelFramework.basetest.BaseTest - Used Cars page is launched
2025-12-15 18:44:08,275 [NUnit.Fw.ParallelWorker#3] INFO  PageObjectModelFramework.basetest.BaseTest - Car Brand Name BMW is entered for Search 
2025-12-15 18:44:08,840 [NUnit.Fw.ParallelWorker#3] INFO  PageObjectModelFramework.basetest.BaseTest - search is clicked 
2025-12-15 18:44:09,246 [NUnit.Fw.ParallelWorker#3] ERROR PageObjectModelFramework.basetest.BaseTest - Test execution failed:   Car Name title not matching. Expected: BMW, Actual: 134278 Second Hand Cars, Buy Used Cars in India - CarWale
Assert.That(actualTitle, Does.Contain(carbrand))
  Expected: String containing "BMW"
  But was:  "134278 Second Hand Cars, Buy Used Cars in India - CarWale"

NUnit.Framework.AssertionException:   Car Name title not matching. Expected: BMW, Actual: 134278 Second Hand Cars, Buy Used Cars in India - CarWale
Assert.That(actualTitle, Does.Contain(carbrand))
  Expected: String containing "BMW"
  But was:  "134278 Second Hand Cars, Buy Used Cars in India - CarWale"

   at NUnit.Framework.Assert.ReportFailure(String message)
   at NUnit.Framework.Assert.ReportFailure(ConstraintResult result, String message, String actualExpression, String constraintExpression)
   at NUnit.Framework.Assert.That[TActual](TActual actual, IResolveConstraint expression, FormattableString message, String actualExpression, String constraintExpression)
   at PageObjectModelFramework.Testcases.FindUsedCarTest.TestFindUsedCar(String browser, String runmode, String carbrand, String cartitle, String carname, String searchtype) in D:\FrameworkCSharpEnhanced\PageObjectModelFramework\PageObjectModelFramework\Testcases\FindUsedCarTest.cs:line 35
2025-12-15 18:44:09,248 [NUnit.Fw.ParallelWorker#3] INFO  PageObjectModelFramework.basetest.BaseTest - Test Execution is Completed
2025-12-15 18:44:20,119 [NUnit.Fw.ParallelWorker#1] INFO  PageObjectModelFramework.basetest.BaseTest - Test Execution Completed
2025-12-15 18:45:31,036 [NUnit.Fw.ParallelWorker#4] INFO  PageObjectModelFramework.basetest.BaseTest - Test Execution is Started
2025-12-15 18:45:46,341 [NUnit.Fw.ParallelWorker#4] INFO  PageObjectModelFramework.basetest.BaseTest - Used Cars page is launched
2025-12-15 18:45:49,328 [NUnit.Fw.ParallelWorker#4] INFO  PageObjectModelFramework.basetest.BaseTest - Car Brand Name BMW is entered for Search 
2025-12-15 18:45:50,103 [NUnit.Fw.ParallelWorker#4] INFO  PageObjectModelFramework.basetest.BaseTest - search is clicked 
2025-12-15 18:45:50,375 [NUnit.Fw.ParallelWorker#4] ERROR PageObjectModelFramework.basetest.BaseTest - Test execution failed:   Car Name title not matching. Expected: BMW, Actual: 134276 Second Hand Cars, Buy Used Cars in India - CarWale
Assert.That(actualTitle, Does.Contain(carbrand))
  Expected: String containing "BMW"
  But was:  "134276 Second Hand Cars, Buy Used Cars in India - CarWale"

NUnit.Framework.AssertionException:   Car Name title not matching. Expected: BMW, Actual: 134276 Second Hand Cars, Buy Used Cars in India - CarWale
Assert.That(actualTitle, Does.Contain(carbrand))
  Expected: String containing "BMW"
  But was:  "134276 Second Hand Cars, Buy Used Cars in India - CarWale"

   at NUnit.Framework.Assert.ReportFailure(String message)
   at NUnit.Framework.Assert.ReportFailure(ConstraintResult result, String message, String actualExpression, String constraintExpression)
   at NUnit.Framework.Assert.That[TActual](TActual actual, IResolveConstraint expression, FormattableString message, String actualExpression, String constraintExpression)
   at PageObjectModelFramework.Testcases.FindUsedCarTest.TestFindUsedCar(String browser, String runmode, String carbrand, String cartitle, String carname, String searchtype) in D:\FrameworkCSharpEnhanced\PageObjectModelFramework\PageObjectModelFramework\Testcases\FindUsedCarTest.cs:line 35
2025-12-15 18:45:50,401 [NUnit.Fw.ParallelWorker#4] INFO  PageObjectModelFramework.basetest.BaseTest - Test Execution is Completed
2025-12-15 18:45:54,088 [NUnit.Fw.ParallelWorker#4] INFO  PageObjectModelFramework.basetest.BaseTest - Test Execution is Started
2025-12-15 18:46:08,786 [NUnit.Fw.ParallelWorker#4] INFO  PageObjectModelFramework.basetest.BaseTest - Used Cars page is launched
2025-12-15 18:46:10,044 [NUnit.Fw.ParallelWorker#4] INFO  PageObjectModelFramework.basetest.BaseTest - Car Brand Name BMW is entered for Search 
2025-12-15 18:46:10,443 [NUnit.Fw.ParallelWorker#4] INFO  PageObjectModelFramework.basetest.BaseTest - search is clicked 
2025-12-15 18:46:10,639 [NUnit.Fw.ParallelWorker#4] ERROR PageObjectModelFramework.basetest.BaseTest - Test execution failed:   Car Name title not matching. Expected: BMW, Actual: 134276 Second Hand Cars, Buy Used Cars in India - CarWale
Assert.That(actualTitle, Does.Contain(carbrand))
  Expected: String containing "BMW"
  But was:  "134276 Second Hand Cars, Buy Used Cars in India - CarWale"

NUnit.Framework.AssertionException:   Car Name title not matching. Expected: BMW, Actual: 134276 Second Hand Cars, Buy Used Cars in India - CarWale
Assert.That(actualTitle, Does.Contain(carbrand))
  Expected: String containing "BMW"
  But was:  "134276 Second Hand Cars, Buy Used Cars in India - CarWale"

   at NUnit.Framework.Assert.ReportFailure(String message)
   at NUnit.Framework.Assert.ReportFailure(ConstraintResult result, String message, String actualExpression, String constraintExpression)
   at NUnit.Framework.Assert.That[TActual](TActual actual, IResolveConstraint expression, FormattableString message, String actualExpression, String constraintExpression)
   at PageObjectModelFramework.Testcases.FindUsedCarTest.TestFindUsedCar(String browser, String runmode, String carbrand, String cartitle, String carname, String searchtype) in D:\FrameworkCSharpEnhanced\PageObjectModelFramework\PageObjectModelFramework\Testcases\FindUsedCarTest.cs:line 35
2025-12-15 18:46:10,641 [NUnit.Fw.ParallelWorker#4] INFO  PageObjectModelFramework.basetest.BaseTest - Test Execution is Completed
2025-12-15 18:46:23,019 [NUnit.Fw.ParallelWorker#1] INFO  PageObjectModelFramework.basetest.BaseTest - Test Execution Completed
2025-12-15 18:46:58,647 [NUnit.Fw.ParallelWorker#3] INFO  PageObjectModelFramework.basetest.BaseTest - Test Execution is Started
2025-12-15 18:47:14,231 [NUnit.Fw.ParallelWorker#3] INFO  PageObjectModelFramework.basetest.BaseTest - Used Cars page is launched
2025-12-15 18:47:15,257 [NUnit.Fw.ParallelWorker#3] INFO  PageObjectModelFramework.basetest.BaseTest - Car Brand Name BMW is entered for Search 
2025-12-15 18:47:22,834 [NUnit.Fw.ParallelWorker#3] INFO  PageObjectModelFramework.basetest.BaseTest - search is clicked 
2025-12-15 18:47:23,023 [NUnit.Fw.ParallelWorker#3] INFO  PageObjectModelFramework.basetest.BaseTest - Test Execution is Completed
2025-12-15 18:47:33,606 [NUnit.Fw.ParallelWorker#2] INFO  PageObjectModelFramework.basetest.BaseTest - Test Execution Completed
2025-12-15 18:47:38,841 [NUnit.Fw.ParallelWorker#4] INFO  PageObjectModelFramework.basetest.BaseTest - Test Execution is Started
2025-12-15 18:47:38,841 [NUnit.Fw.ParallelWorker#2] INFO  PageObjectModelFramework.basetest.BaseTest - Test Execution is Started
2025-12-15 18:47:38,841 [NUnit.Fw.ParallelWorker#3] INFO  PageObjectModelFramework.basetest.BaseTest - Test Execution is Started
2025-12-15 18:47:38,841 [NUnit.Fw.ParallelWorker#1] INFO  PageObjectModelFramework.basetest.BaseTest - Test Execution is Started
2025-12-15 18:48:56,549 [NUnit.Fw.ParallelWorker#4] INFO  PageObjectModelFramework.basetest.BaseTest - Used Cars page is launched
2025-12-15 18:48:56,843 [NUnit.Fw.ParallelWorker#1] INFO  PageObjectModelFramework.basetest.BaseTest - Used Cars page is launched
2025-12-15 18:49:04,624 [NUnit.Fw.ParallelWorker#4] INFO  PageObjectModelFramework.basetest.BaseTest - Car Brand Name BMW is entered for Search 
2025-12-15 18:49:05,072 [NUnit.Fw.ParallelWorker#1] INFO  PageObjectModelFramework.basetest.BaseTest - Carname Toyota Fortuner is entered for Search 
2025-12-15 18:49:30,952 [NUnit.Fw.ParallelWorker#2] INFO  PageObjectModelFramework.basetest.BaseTest - Used Cars page is launched
2025-12-15 18:49:33,074 [NUnit.Fw.ParallelWorker#3] INFO  PageObjectModelFramework.basetest.BaseTest - Used Cars page is launched
2025-12-15 18:49:38,388 [NUnit.Fw.ParallelWorker#1] INFO  PageObjectModelFramework.basetest.BaseTest - search is clicked 
2025-12-15 18:49:39,874 [NUnit.Fw.ParallelWorker#1] INFO  PageObjectModelFramework.basetest.BaseTest - Test Execution is Completed
2025-12-15 18:49:40,452 [NUnit.Fw.ParallelWorker#3] INFO  PageObjectModelFramework.basetest.BaseTest - Car Brand Name Audi is entered for Search 
2025-12-15 18:49:40,524 [NUnit.Fw.ParallelWorker#2] INFO  PageObjectModelFramework.basetest.BaseTest - Carname Kia Sonet is entered for Search 
2025-12-15 18:50:15,541 [NUnit.Fw.ParallelWorker#3] INFO  PageObjectModelFramework.basetest.BaseTest - search is clicked 
2025-12-15 18:50:15,642 [NUnit.Fw.ParallelWorker#4] INFO  PageObjectModelFramework.basetest.BaseTest - search is clicked 
2025-12-15 18:50:16,776 [NUnit.Fw.ParallelWorker#4] INFO  PageObjectModelFramework.basetest.BaseTest - Test Execution is Completed
2025-12-15 18:50:17,178 [NUnit.Fw.ParallelWorker#3] INFO  PageObjectModelFramework.basetest.BaseTest - Test Execution is Completed
2025-12-15 18:50:22,051 [NUnit.Fw.ParallelWorker#2] INFO  PageObjectModelFramework.basetest.BaseTest - search is clicked 
2025-12-15 18:50:22,084 [NUnit.Fw.ParallelWorker#2] INFO  PageObjectModelFramework.basetest.BaseTest - Test Execution is Completed
2025-12-15 18:50:34,076 [NUnit.Fw.ParallelWorker#1] INFO  PageObjectModelFramework.basetest.BaseTest - Test Execution Completed
2025-12-15 20:37:23,323 [NUnit.Fw.ParallelWorker#4] INFO  PageObjectModelFramework.basetest.BaseTest - Test Execution is Started
2025-12-15 20:37:43,694 [NUnit.Fw.ParallelWorker#4] INFO  PageObjectModelFramework.basetest.BaseTest - New Cars page navigation completed
2025-12-15 20:37:45,966 [NUnit.Fw.ParallelWorker#4] INFO  PageObjectModelFramework.basetest.BaseTest - View Brand button clicked
2025-12-15 20:37:48,522 [NUnit.Fw.ParallelWorker#4] INFO  PageObjectModelFramework.basetest.BaseTest - Toyota brand page opened
2025-12-15 20:37:51,762 [NUnit.Fw.ParallelWorker#4] INFO  PageObjectModelFramework.basetest.BaseTest - Opened car name page for: Toyota Fortuner
2025-12-15 20:38:01,883 [NUnit.Fw.ParallelWorker#4] WARN  PageObjectModelFramework.basetest.BaseTest - Variant table error: Could not find element by: By.XPath: //button[contains(text(),'View Variants')]; For documentation on this error, please visit: https://www.selenium.dev/documentation/webdriver/troubleshooting/errors#nosuchelementexception
2025-12-15 20:38:01,892 [NUnit.Fw.ParallelWorker#4] INFO  PageObjectModelFramework.basetest.BaseTest - Test completed successfully for Toyota Fortuner
2025-12-15 20:38:01,894 [NUnit.Fw.ParallelWorker#4] INFO  PageObjectModelFramework.basetest.BaseTest - Test Execution is Completed
2025-12-15 20:38:13,614 [NUnit.Fw.ParallelWorker#3] INFO  PageObjectModelFramework.basetest.BaseTest - Test Execution Completed
2025-12-15 20:39:39,428 [NUnit.Fw.ParallelWorker#2] INFO  PageObjectModelFramework.basetest.BaseTest - Test Execution is Started
2025-12-15 20:39:56,762 [NUnit.Fw.ParallelWorker#2] INFO  PageObjectModelFramework.basetest.BaseTest - New Cars page navigation completed
2025-12-15 20:39:58,618 [NUnit.Fw.ParallelWorker#2] INFO  PageObjectModelFramework.basetest.BaseTest - View Brand button clicked
2025-12-15 20:39:59,691 [NUnit.Fw.ParallelWorker#2] INFO  PageObjectModelFramework.basetest.BaseTest - Toyota brand page opened
2025-12-15 20:40:02,239 [NUnit.Fw.ParallelWorker#2] INFO  PageObjectModelFramework.basetest.BaseTest - Opened car name page for: Toyota Fortuner
2025-12-15 20:40:12,680 [NUnit.Fw.ParallelWorker#2] WARN  PageObjectModelFramework.basetest.BaseTest - Variant table error: Could not find element by: By.XPath: //button[contains(text(),'View More Variants')]; For documentation on this error, please visit: https://www.selenium.dev/documentation/webdriver/troubleshooting/errors#nosuchelementexception
2025-12-15 20:40:12,692 [NUnit.Fw.ParallelWorker#2] INFO  PageObjectModelFramework.basetest.BaseTest - Test completed successfully for Toyota Fortuner
2025-12-15 20:40:12,694 [NUnit.Fw.ParallelWorker#2] INFO  PageObjectModelFramework.basetest.BaseTest - Test Execution is Completed
2025-12-15 20:40:38,457 [NUnit.Fw.ParallelWorker#3] INFO  PageObjectModelFramework.basetest.BaseTest - Test Execution Completed
2025-12-15 22:10:10,476 [NUnit.Fw.ParallelWorker#1] INFO  PageObjectModelFramework.basetest.BaseTest - Test Execution is Started
2025-12-15 22:10:22,829 [NUnit.Fw.ParallelWorker#1] INFO  PageObjectModelFramework.basetest.BaseTest - New Cars page navigation completed
2025-12-15 22:10:23,920 [NUnit.Fw.ParallelWorker#1] INFO  PageObjectModelFramework.basetest.BaseTest - View Brand button clicked
2025-12-15 22:10:24,467 [NUnit.Fw.ParallelWorker#1] INFO  PageObjectModelFramework.basetest.BaseTest - Kia brand page opened
2025-12-15 22:10:27,613 [NUnit.Fw.ParallelWorker#1] INFO  PageObjectModelFramework.basetest.BaseTest - Opened car name page for: Kia Sonet
2025-12-15 22:10:38,106 [NUnit.Fw.ParallelWorker#1] WARN  PageObjectModelFramework.basetest.BaseTest - Variant table error: Could not find element by: By.XPath: //button[contains(text(),'View More Variants')]; For documentation on this error, please visit: https://www.selenium.dev/documentation/webdriver/troubleshooting/errors#nosuchelementexception
2025-12-15 22:10:38,126 [NUnit.Fw.ParallelWorker#1] INFO  PageObjectModelFramework.basetest.BaseTest - Test completed successfully for Kia Sonet
2025-12-15 22:10:38,128 [NUnit.Fw.ParallelWorker#1] INFO  PageObjectModelFramework.basetest.BaseTest - Test Execution is Completed
2025-12-15 22:10:47,688 [NUnit.Fw.ParallelWorker#4] INFO  PageObjectModelFramework.basetest.BaseTest - Test Execution Completed
2025-12-15 22:12:19,562 [NUnit.Fw.ParallelWorker#4] INFO  PageObjectModelFramework.basetest.BaseTest - Test Execution is Started
2025-12-15 22:12:28,230 [NUnit.Fw.ParallelWorker#4] INFO  PageObjectModelFramework.basetest.BaseTest - New Cars page navigation completed
2025-12-15 22:12:29,333 [NUnit.Fw.ParallelWorker#4] INFO  PageObjectModelFramework.basetest.BaseTest - View Brand button clicked
2025-12-15 22:12:29,939 [NUnit.Fw.ParallelWorker#4] INFO  PageObjectModelFramework.basetest.BaseTest - Kia brand page opened
2025-12-15 22:12:31,031 [NUnit.Fw.ParallelWorker#4] INFO  PageObjectModelFramework.basetest.BaseTest - Opened car name page for: Kia Sonet
2025-12-15 22:12:40,966 [NUnit.Fw.ParallelWorker#4] INFO  PageObjectModelFramework.basetest.BaseTest - Test completed successfully for Kia Sonet
2025-12-15 22:12:40,967 [NUnit.Fw.ParallelWorker#4] INFO  PageObjectModelFramework.basetest.BaseTest - Test Execution is Completed
2025-12-15 22:12:50,665 [NUnit.Fw.ParallelWorker#3] INFO  PageObjectModelFramework.basetest.BaseTest - Test Execution Completed
2025-12-15 22:13:26,561 [NUnit.Fw.ParallelWorker#1] INFO  PageObjectModelFramework.basetest.BaseTest - Test Execution is Started
2025-12-15 22:13:45,762 [NUnit.Fw.ParallelWorker#1] INFO  PageObjectModelFramework.basetest.BaseTest - New Cars page navigation completed
2025-12-15 22:13:47,019 [NUnit.Fw.ParallelWorker#1] INFO  PageObjectModelFramework.basetest.BaseTest - View Brand button clicked
2025-12-15 22:13:48,613 [NUnit.Fw.ParallelWorker#1] INFO  PageObjectModelFramework.basetest.BaseTest - Toyota brand page opened
2025-12-15 22:13:51,517 [NUnit.Fw.ParallelWorker#1] INFO  PageObjectModelFramework.basetest.BaseTest - Opened car name page for: Toyota Fortuner
2025-12-15 22:14:02,074 [NUnit.Fw.ParallelWorker#1] WARN  PageObjectModelFramework.basetest.BaseTest - Variant table error: Could not find element by: By.XPath: //div[contains(text(),'View More Variants')]; For documentation on this error, please visit: https://www.selenium.dev/documentation/webdriver/troubleshooting/errors#nosuchelementexception
2025-12-15 22:14:02,084 [NUnit.Fw.ParallelWorker#1] INFO  PageObjectModelFramework.basetest.BaseTest - Test completed successfully for Toyota Fortuner
2025-12-15 22:14:02,086 [NUnit.Fw.ParallelWorker#1] INFO  PageObjectModelFramework.basetest.BaseTest - Test Execution is Completed
2025-12-15 22:14:13,325 [NUnit.Fw.ParallelWorker#3] INFO  PageObjectModelFramework.basetest.BaseTest - Test Execution Completed
2025-12-15 22:35:18,140 [NUnit.Fw.ParallelWorker#4] INFO  PageObjectModelFramework.basetest.BaseTest - Test Execution is Started
2025-12-15 22:35:37,913 [NUnit.Fw.ParallelWorker#4] INFO  PageObjectModelFramework.basetest.BaseTest - New Cars page navigation completed
2025-12-15 22:35:39,482 [NUnit.Fw.ParallelWorker#4] INFO  PageObjectModelFramework.basetest.BaseTest - View Brand button clicked
2025-12-15 22:35:40,818 [NUnit.Fw.ParallelWorker#4] INFO  PageObjectModelFramework.basetest.BaseTest - Toyota brand page opened
2025-12-15 22:35:46,183 [NUnit.Fw.ParallelWorker#4] INFO  PageObjectModelFramework.basetest.BaseTest - Opened car name page for: Toyota Fortuner
2025-12-15 22:35:57,139 [NUnit.Fw.ParallelWorker#4] INFO  PageObjectModelFramework.basetest.BaseTest - Test completed successfully for Toyota Fortuner
2025-12-15 22:35:57,141 [NUnit.Fw.ParallelWorker#4] INFO  PageObjectModelFramework.basetest.BaseTest - Test Execution is Completed
2025-12-15 22:36:08,644 [NUnit.Fw.ParallelWorker#2] INFO  PageObjectModelFramework.basetest.BaseTest - Test Execution Completed
2025-12-15 22:36:52,840 [NUnit.Fw.ParallelWorker#2] INFO  PageObjectModelFramework.basetest.BaseTest - Test Execution is Started
2025-12-15 22:37:03,291 [NUnit.Fw.ParallelWorker#2] INFO  PageObjectModelFramework.basetest.BaseTest - New Cars page navigation completed
2025-12-15 22:37:04,270 [NUnit.Fw.ParallelWorker#2] INFO  PageObjectModelFramework.basetest.BaseTest - View Brand button clicked
2025-12-15 22:37:04,926 [NUnit.Fw.ParallelWorker#2] INFO  PageObjectModelFramework.basetest.BaseTest - Kia brand page opened
2025-12-15 22:37:06,190 [NUnit.Fw.ParallelWorker#2] INFO  PageObjectModelFramework.basetest.BaseTest - Opened car name page for: Kia Sonet
2025-12-15 22:37:10,816 [NUnit.Fw.ParallelWorker#2] INFO  PageObjectModelFramework.basetest.BaseTest - Test completed successfully for Kia Sonet
2025-12-15 22:37:10,817 [NUnit.Fw.ParallelWorker#2] INFO  PageObjectModelFramework.basetest.BaseTest - Test Execution is Completed
2025-12-15 22:37:18,571 [NUnit.Fw.ParallelWorker#4] INFO  PageObjectModelFramework.basetest.BaseTest - Test Execution Completed
2025-12-16 10:44:33,998 [NUnit.Fw.ParallelWorker#3] INFO  PageObjectModelFramework.basetest.BaseTest - Test Execution is Started
2025-12-16 10:44:59,744 [NUnit.Fw.ParallelWorker#3] INFO  PageObjectModelFramework.basetest.BaseTest - Used Cars page is launched
2025-12-16 10:45:03,835 [NUnit.Fw.ParallelWorker#3] INFO  PageObjectModelFramework.basetest.BaseTest - Carname Toyota Fortuner is entered for Search 
2025-12-16 10:45:11,361 [NUnit.Fw.ParallelWorker#3] INFO  PageObjectModelFramework.basetest.BaseTest - search is clicked 
2025-12-16 10:45:11,737 [NUnit.Fw.ParallelWorker#3] INFO  PageObjectModelFramework.basetest.BaseTest - Test Execution is Completed
2025-12-16 10:45:24,693 [NUnit.Fw.ParallelWorker#2] INFO  PageObjectModelFramework.basetest.BaseTest - Test Execution Completed
2025-12-16 12:30:01,703 [NUnit.Fw.ParallelWorker#3] INFO  PageObjectModelFramework.basetest.BaseTest - Test Execution is Started
2025-12-16 12:30:15,399 [NUnit.Fw.ParallelWorker#3] INFO  PageObjectModelFramework.basetest.BaseTest - New Cars page navigation completed
2025-12-16 12:30:16,391 [NUnit.Fw.ParallelWorker#3] INFO  PageObjectModelFramework.basetest.BaseTest - View Brand button clicked
2025-12-16 12:30:16,932 [NUnit.Fw.ParallelWorker#3] INFO  PageObjectModelFramework.basetest.BaseTest - Kia brand page opened
2025-12-16 12:30:21,355 [NUnit.Fw.ParallelWorker#3] INFO  PageObjectModelFramework.basetest.BaseTest - Opened car name page for: Kia Sonet
2025-12-16 12:30:24,329 [NUnit.Fw.ParallelWorker#3] INFO  PageObjectModelFramework.basetest.BaseTest - Fetched expected data from database
2025-12-16 12:30:24,639 [NUnit.Fw.ParallelWorker#3] INFO  PageObjectModelFramework.basetest.BaseTest - Test completed successfully for Kia Sonet
2025-12-16 12:30:24,641 [NUnit.Fw.ParallelWorker#3] INFO  PageObjectModelFramework.basetest.BaseTest - Test Execution is Completed
2025-12-16 12:30:33,447 [NUnit.Fw.ParallelWorker#1] INFO  PageObjectModelFramework.basetest.BaseTest - Test Execution Completed
2025-12-16 12:33:05,526 [NUnit.Fw.ParallelWorker#2] INFO  PageObjectModelFramework.basetest.BaseTest - Test Execution is Started
2025-12-16 12:33:14,634 [NUnit.Fw.ParallelWorker#2] INFO  PageObjectModelFramework.basetest.BaseTest - New Cars page navigation completed
2025-12-16 12:33:15,773 [NUnit.Fw.ParallelWorker#2] INFO  PageObjectModelFramework.basetest.BaseTest - View Brand button clicked
2025-12-16 12:33:16,539 [NUnit.Fw.ParallelWorker#2] INFO  PageObjectModelFramework.basetest.BaseTest - Kia brand page opened
2025-12-16 12:33:20,065 [NUnit.Fw.ParallelWorker#2] INFO  PageObjectModelFramework.basetest.BaseTest - Opened car name page for: Kia Sonet
2025-12-16 12:33:20,741 [NUnit.Fw.ParallelWorker#2] INFO  PageObjectModelFramework.basetest.BaseTest - Fetched expected data from database
2025-12-16 12:33:21,423 [NUnit.Fw.ParallelWorker#2] INFO  PageObjectModelFramework.basetest.BaseTest - Test completed successfully for Kia Sonet
2025-12-16 12:33:21,431 [NUnit.Fw.ParallelWorker#2] INFO  PageObjectModelFramework.basetest.BaseTest - Test Execution is Completed
2025-12-16 12:33:29,041 [NUnit.Fw.ParallelWorker#3] INFO  PageObjectModelFramework.basetest.BaseTest - Test Execution Completed
2025-12-16 12:34:13,420 [NUnit.Fw.ParallelWorker#3] INFO  PageObjectModelFramework.basetest.BaseTest - Test Execution is Started
2025-12-16 12:34:22,886 [NUnit.Fw.ParallelWorker#3] INFO  PageObjectModelFramework.basetest.BaseTest - New Cars page navigation completed
2025-12-16 12:34:24,226 [NUnit.Fw.ParallelWorker#3] INFO  PageObjectModelFramework.basetest.BaseTest - View Brand button clicked
2025-12-16 12:34:24,801 [NUnit.Fw.ParallelWorker#3] INFO  PageObjectModelFramework.basetest.BaseTest - Kia brand page opened
2025-12-16 12:34:27,181 [NUnit.Fw.ParallelWorker#3] INFO  PageObjectModelFramework.basetest.BaseTest - Opened car name page for: Kia Sonet
2025-12-16 12:34:28,707 [NUnit.Fw.ParallelWorker#3] INFO  PageObjectModelFramework.basetest.BaseTest - Fetched expected data from database
2025-12-16 12:34:29,956 [NUnit.Fw.ParallelWorker#3] INFO  PageObjectModelFramework.basetest.BaseTest - Test completed successfully for Kia Sonet
2025-12-16 12:34:29,961 [NUnit.Fw.ParallelWorker#3] INFO  PageObjectModelFramework.basetest.BaseTest - Test Execution is Completed
2025-12-16 12:34:38,179 [NUnit.Fw.ParallelWorker#2] INFO  PageObjectModelFramework.basetest.BaseTest - Test Execution Completed
2025-12-16 17:34:52,543 [NUnit.Fw.ParallelWorker#2] INFO  PageObjectModelFramework.basetest.BaseTest - Test Execution Completed
2025-12-16 17:36:54,830 [NUnit.Fw.ParallelWorker#2] INFO  PageObjectModelFramework.basetest.BaseTest - Test Execution is Started
2025-12-16 17:37:10,509 [NUnit.Fw.ParallelWorker#2] INFO  PageObjectModelFramework.basetest.BaseTest - Test Execution is Completed
2025-12-16 17:37:22,916 [NUnit.Fw.ParallelWorker#4] INFO  PageObjectModelFramework.basetest.BaseTest - Test Execution Completed
2025-12-16 17:38:08,959 [NUnit.Fw.ParallelWorker#1] INFO  PageObjectModelFramework.basetest.BaseTest - Test Execution is Started
2025-12-16 17:38:08,994 [NUnit.Fw.ParallelWorker#1] INFO  PageObjectModelFramework.basetest.BaseTest - Test Execution is Completed
2025-12-16 17:38:16,489 [NUnit.Fw.ParallelWorker#4] INFO  PageObjectModelFramework.basetest.BaseTest - Test Execution Completed
2025-12-16 17:38:28,718 [NUnit.Fw.ParallelWorker#3] INFO  PageObjectModelFramework.basetest.BaseTest - Test Execution is Started
2025-12-16 17:38:28,778 [NUnit.Fw.ParallelWorker#3] INFO  PageObjectModelFramework.basetest.BaseTest - Test Execution is Completed
2025-12-16 17:38:36,598 [NUnit.Fw.ParallelWorker#1] INFO  PageObjectModelFramework.basetest.BaseTest - Test Execution Completed
2025-12-16 17:38:44,899 [NUnit.Fw.ParallelWorker#1] INFO  PageObjectModelFramework.basetest.BaseTest - Test Execution is Started
2025-12-16 17:38:44,925 [NUnit.Fw.ParallelWorker#1] INFO  PageObjectModelFramework.basetest.BaseTest - Test Execution is Completed
2025-12-16 17:38:52,513 [NUnit.Fw.ParallelWorker#4] INFO  PageObjectModelFramework.basetest.BaseTest - Test Execution Completed
2026-01-11 19:08:09,979 [NUnit.Fw.ParallelWorker#1] INFO  PageObjectModelFramework.basetest.BaseTest - Test Execution is Started
2026-01-11 19:08:09,979 [NUnit.Fw.ParallelWorker#3] INFO  PageObjectModelFramework.basetest.BaseTest - Test Execution is Started
2026-01-11 19:08:09,979 [NUnit.Fw.ParallelWorker#2] INFO  PageObjectModelFramework.basetest.BaseTest - Test Execution is Started
2026-01-11 19:08:09,979 [NUnit.Fw.ParallelWorker#4] INFO  PageObjectModelFramework.basetest.BaseTest - Test Execution is Started
2026-01-11 19:08:10,084 [NUnit.Fw.ParallelWorker#1] INFO  PageObjectModelFramework.basetest.BaseTest - Test Execution is Completed
2026-01-11 19:08:10,084 [NUnit.Fw.ParallelWorker#3] INFO  PageObjectModelFramework.basetest.BaseTest - Test Execution is Completed
2026-01-11 19:08:10,084 [NUnit.Fw.ParallelWorker#4] INFO  PageObjectModelFramework.basetest.BaseTest - Test Execution is Completed
2026-01-11 19:08:15,252 [NUnit.Fw.ParallelWorker#2] INFO  PageObjectModelFramework.basetest.BaseTest - Test Execution is Completed
2026-01-11 19:08:25,385 [NUnit.Fw.ParallelWorker#3] INFO  PageObjectModelFramework.basetest.BaseTest - Test Execution Completed
2026-01-11 19:13:13,999 [NUnit.Fw.ParallelWorker#2] INFO  PageObjectModelFramework.basetest.BaseTest - Test Execution is Started
2026-01-11 19:13:30,548 [NUnit.Fw.ParallelWorker#2] INFO  PageObjectModelFramework.basetest.BaseTest - New Cars page navigation completed
2026-01-11 19:13:31,492 [NUnit.Fw.ParallelWorker#2] INFO  PageObjectModelFramework.basetest.BaseTest - View Brand button clicked
2026-01-11 19:13:32,109 [NUnit.Fw.ParallelWorker#2] INFO  PageObjectModelFramework.basetest.BaseTest - Kia brand page opened
2026-01-11 19:13:33,040 [NUnit.Fw.ParallelWorker#2] INFO  PageObjectModelFramework.basetest.BaseTest - Opened car name page for: Kia Sonet
2026-01-11 19:13:33,464 [NUnit.Fw.ParallelWorker#2] ERROR PageObjectModelFramework.basetest.BaseTest - Test execution failed:   Car Name title not matching. Expected: Kia Sonet, Actual: Kia Cars Price in India - Kia Models 2026 - Reviews, Specs & Dealers - CarWale
Assert.That(actualTitle, Does.Contain(carname))
  Expected: String containing "Kia Sonet"
  But was:  "Kia Cars Price in India - Kia Models 2026 - Reviews, Specs & Dealers - CarWale"

NUnit.Framework.AssertionException:   Car Name title not matching. Expected: Kia Sonet, Actual: Kia Cars Price in India - Kia Models 2026 - Reviews, Specs & Dealers - CarWale
Assert.That(actualTitle, Does.Contain(carname))
  Expected: String containing "Kia Sonet"
  But was:  "Kia Cars Price in India - Kia Models 2026 - Reviews, Specs & Dealers - CarWale"

   at NUnit.Framework.Assert.ReportFailure(String message)
   at NUnit.Framework.Assert.ReportFailure(ConstraintResult result, String message, String actualExpression, String constraintExpression)
   at NUnit.Framework.Assert.That[TActual](TActual actual, IResolveConstraint expression, FormattableString message, String actualExpression, String constraintExpression)
   at PageObjectModelFramework.testcases.FindNewCarsTest.TestFindNewCar(String browser, String runmode, String carbrand, String cartitle, String carname) in D:\FrameworkCSharpEnhanced\PageObjectModelFramework\PageObjectModelFramework\Testcases\FindNewCarsTest.cs:line 37
2026-01-11 19:13:33,478 [NUnit.Fw.ParallelWorker#2] INFO  PageObjectModelFramework.basetest.BaseTest - Test Execution is Completed
2026-01-11 19:13:34,804 [NUnit.Fw.ParallelWorker#2] INFO  PageObjectModelFramework.basetest.BaseTest - Test Execution is Started
2026-01-11 19:13:43,512 [NUnit.Fw.ParallelWorker#2] INFO  PageObjectModelFramework.basetest.BaseTest - New Cars page navigation completed
2026-01-11 19:13:44,265 [NUnit.Fw.ParallelWorker#2] INFO  PageObjectModelFramework.basetest.BaseTest - View Brand button clicked
2026-01-11 19:13:44,844 [NUnit.Fw.ParallelWorker#2] INFO  PageObjectModelFramework.basetest.BaseTest - Kia brand page opened
2026-01-11 19:13:45,717 [NUnit.Fw.ParallelWorker#2] INFO  PageObjectModelFramework.basetest.BaseTest - Opened car name page for: Kia Sonet
2026-01-11 19:13:45,854 [NUnit.Fw.ParallelWorker#2] ERROR PageObjectModelFramework.basetest.BaseTest - Test execution failed:   Car Name title not matching. Expected: Kia Sonet, Actual: Kia Cars Price in India - Kia Models 2026 - Reviews, Specs & Dealers - CarWale
Assert.That(actualTitle, Does.Contain(carname))
  Expected: String containing "Kia Sonet"
  But was:  "Kia Cars Price in India - Kia Models 2026 - Reviews, Specs & Dealers - CarWale"

NUnit.Framework.AssertionException:   Car Name title not matching. Expected: Kia Sonet, Actual: Kia Cars Price in India - Kia Models 2026 - Reviews, Specs & Dealers - CarWale
Assert.That(actualTitle, Does.Contain(carname))
  Expected: String containing "Kia Sonet"
  But was:  "Kia Cars Price in India - Kia Models 2026 - Reviews, Specs & Dealers - CarWale"

   at NUnit.Framework.Assert.ReportFailure(String message)
   at NUnit.Framework.Assert.ReportFailure(ConstraintResult result, String message, String actualExpression, String constraintExpression)
   at NUnit.Framework.Assert.That[TActual](TActual actual, IResolveConstraint expression, FormattableString message, String actualExpression, String constraintExpression)
   at PageObjectModelFramework.testcases.FindNewCarsTest.TestFindNewCar(String browser, String runmode, String carbrand, String cartitle, String carname) in D:\FrameworkCSharpEnhanced\PageObjectModelFramework\PageObjectModelFramework\Testcases\FindNewCarsTest.cs:line 37
2026-01-11 19:13:45,856 [NUnit.Fw.ParallelWorker#2] INFO  PageObjectModelFramework.basetest.BaseTest - Test Execution is Completed
2026-01-11 19:13:56,032 [NUnit.Fw.ParallelWorker#3] INFO  PageObjectModelFramework.basetest.BaseTest - Test Execution Completed
2026-01-11 19:23:46,508 [NUnit.Fw.ParallelWorker#4] INFO  PageObjectModelFramework.basetest.BaseTest - Test Execution is Started
2026-01-11 19:23:56,823 [NUnit.Fw.ParallelWorker#4] INFO  PageObjectModelFramework.basetest.BaseTest - New Cars page navigation completed
2026-01-11 19:23:57,639 [NUnit.Fw.ParallelWorker#4] INFO  PageObjectModelFramework.basetest.BaseTest - View Brand button clicked
2026-01-11 19:23:58,204 [NUnit.Fw.ParallelWorker#4] INFO  PageObjectModelFramework.basetest.BaseTest - Kia brand page opened
2026-01-11 19:23:59,397 [NUnit.Fw.ParallelWorker#4] INFO  PageObjectModelFramework.basetest.BaseTest - Opened car name page for: Kia Sonet
2026-01-11 19:24:01,114 [NUnit.Fw.ParallelWorker#4] INFO  PageObjectModelFramework.basetest.BaseTest - Test completed successfully for Kia Sonet
2026-01-11 19:24:01,117 [NUnit.Fw.ParallelWorker#4] INFO  PageObjectModelFramework.basetest.BaseTest - Test Execution is Completed
2026-01-11 19:24:09,786 [NUnit.Fw.ParallelWorker#2] INFO  PageObjectModelFramework.basetest.BaseTest - Test Execution Completed
2026-01-12 17:27:53,062 [NUnit.Fw.ParallelWorker#3] INFO  PageObjectModelFramework.BaseTest.baseTest - Test Execution is Started
2026-01-12 17:27:53,062 [NUnit.Fw.ParallelWorker#4] INFO  PageObjectModelFramework.BaseTest.baseTest - Test Execution is Started
2026-01-12 17:27:53,062 [NUnit.Fw.ParallelWorker#1] INFO  PageObjectModelFramework.BaseTest.baseTest - Test Execution is Started
2026-01-12 17:27:53,062 [NUnit.Fw.ParallelWorker#2] INFO  PageObjectModelFramework.BaseTest.baseTest - Test Execution is Started
2026-01-12 17:27:53,150 [NUnit.Fw.ParallelWorker#2] INFO  PageObjectModelFramework.BaseTest.baseTest - Test Execution is Completed
2026-01-12 17:27:53,150 [NUnit.Fw.ParallelWorker#1] INFO  PageObjectModelFramework.BaseTest.baseTest - Test Execution is Completed
2026-01-12 17:27:53,150 [NUnit.Fw.ParallelWorker#3] INFO  PageObjectModelFramework.BaseTest.baseTest - Test Execution is Completed
2026-01-12 17:28:09,158 [NUnit.Fw.ParallelWorker#4] INFO  PageObjectModelFramework.BaseTest.baseTest - New Cars page navigation completed
2026-01-12 17:28:11,018 [NUnit.Fw.ParallelWorker#4] INFO  PageObjectModelFramework.BaseTest.baseTest - View Brand button clicked
2026-01-12 17:28:12,955 [NUnit.Fw.ParallelWorker#4] INFO  PageObjectModelFramework.BaseTest.baseTest - Kia brand page opened
2026-01-12 17:28:15,552 [NUnit.Fw.ParallelWorker#4] INFO  PageObjectModelFramework.BaseTest.baseTest - Opened car name page for: Kia Sonet
2026-01-12 17:28:16,922 [NUnit.Fw.ParallelWorker#4] INFO  PageObjectModelFramework.BaseTest.baseTest - Test completed successfully for Kia Sonet
2026-01-12 17:28:16,922 [NUnit.Fw.ParallelWorker#4] INFO  PageObjectModelFramework.BaseTest.baseTest - Test Execution is Completed
2026-01-12 17:28:26,009 [NUnit.Fw.ParallelWorker#1] INFO  PageObjectModelFramework.BaseTest.baseTest - Test Execution Completed
2026-01-12 18:12:07,012 [NUnit.Fw.ParallelWorker#3] INFO  PageObjectModelFramework.BaseTest.baseTest - Test Execution is Started
2026-01-12 18:12:07,012 [NUnit.Fw.ParallelWorker#1] INFO  PageObjectModelFramework.BaseTest.baseTest - Test Execution is Started
2026-01-12 18:12:07,012 [NUnit.Fw.ParallelWorker#2] INFO  PageObjectModelFramework.BaseTest.baseTest - Test Execution is Started
2026-01-12 18:12:07,012 [NUnit.Fw.ParallelWorker#4] INFO  PageObjectModelFramework.BaseTest.baseTest - Test Execution is Started
2026-01-12 18:12:07,066 [NUnit.Fw.ParallelWorker#3] INFO  PageObjectModelFramework.BaseTest.baseTest - Test Execution is Completed
2026-01-12 18:12:07,074 [NUnit.Fw.ParallelWorker#2] INFO  PageObjectModelFramework.BaseTest.baseTest - Test Execution is Completed
2026-01-12 18:12:07,074 [NUnit.Fw.ParallelWorker#1] INFO  PageObjectModelFramework.BaseTest.baseTest - Test Execution is Completed
2026-01-12 18:12:07,074 [NUnit.Fw.ParallelWorker#4] INFO  PageObjectModelFramework.BaseTest.baseTest - Test Execution is Completed
2026-01-12 18:12:15,866 [NUnit.Fw.ParallelWorker#3] INFO  PageObjectModelFramework.BaseTest.baseTest - Test Execution Completed
2026-01-12 18:15:46,650 [NUnit.Fw.SimpleWorkItem] INFO  PageObjectModelFramework.BaseTest.baseTest - Test Execution is Started
2026-01-12 18:21:10,091 [NUnit.Fw.ParallelWorker#4] INFO  PageObjectModelFramework.BaseTest.baseTest - Test Execution is Started
2026-01-12 18:21:10,623 [NUnit.Fw.ParallelWorker#4] INFO  PageObjectModelFramework.BaseTest.baseTest - Test Execution is Completed
2026-01-12 18:21:22,301 [NUnit.Fw.ParallelWorker#2] INFO  PageObjectModelFramework.BaseTest.baseTest - Test Execution Completed
2026-01-12 18:28:43,285 [NUnit.Fw.SimpleWorkItem] INFO  PageObjectModelFramework.BaseTest.baseTest - Test Execution is Started
2026-01-12 18:29:49,845 [NUnit.Fw.SimpleWorkItem] INFO  PageObjectModelFramework.BaseTest.baseTest - Test Execution is Completed
2026-01-12 18:35:33,276 [NUnit.Fw.ParallelWorker#3] INFO  PageObjectModelFramework.BaseTest.baseTest - Test Execution is Started
2026-01-12 18:35:35,304 [NUnit.Fw.ParallelWorker#3] INFO  PageObjectModelFramework.BaseTest.baseTest - Test Execution is Completed
2026-01-12 18:35:44,222 [NUnit.Fw.ParallelWorker#4] INFO  PageObjectModelFramework.BaseTest.baseTest - Test Execution Completed
2026-01-12 18:38:49,795 [NUnit.Fw.ParallelWorker#1] INFO  PageObjectModelFramework.BaseTest.baseTest - Test Execution is Started
2026-01-12 18:38:50,173 [NUnit.Fw.ParallelWorker#1] INFO  PageObjectModelFramework.BaseTest.baseTest - Fetched expected data from database
2026-01-12 18:39:01,919 [NUnit.Fw.ParallelWorker#1] INFO  PageObjectModelFramework.BaseTest.baseTest - Test Execution is Completed
2026-01-12 18:39:10,706 [NUnit.Fw.ParallelWorker#1] INFO  PageObjectModelFramework.BaseTest.baseTest - Test Execution Completed
2026-01-12 18:40:34,710 [NUnit.Fw.ParallelWorker#4] INFO  PageObjectModelFramework.BaseTest.baseTest - Test Execution is Started
2026-01-12 18:40:35,037 [NUnit.Fw.ParallelWorker#4] INFO  PageObjectModelFramework.BaseTest.baseTest - Test Execution is Completed
2026-01-12 18:40:43,566 [NUnit.Fw.ParallelWorker#1] INFO  PageObjectModelFramework.BaseTest.baseTest - Test Execution Completed
2026-01-12 18:42:40,195 [NUnit.Fw.ParallelWorker#1] INFO  PageObjectModelFramework.BaseTest.baseTest - Test Execution is Started
2026-01-12 18:42:40,618 [NUnit.Fw.ParallelWorker#1] INFO  PageObjectModelFramework.BaseTest.baseTest - Test Execution is Completed
2026-01-12 18:42:49,034 [NUnit.Fw.ParallelWorker#4] INFO  PageObjectModelFramework.BaseTest.baseTest - Test Execution Completed
2026-01-12 18:44:02,817 [NUnit.Fw.ParallelWorker#2] INFO  PageObjectModelFramework.BaseTest.baseTest - Test Execution is Started
2026-01-12 18:44:03,303 [NUnit.Fw.ParallelWorker#2] INFO  PageObjectModelFramework.BaseTest.baseTest - Test Execution is Completed
2026-01-12 18:44:11,137 [NUnit.Fw.ParallelWorker#4] INFO  PageObjectModelFramework.BaseTest.baseTest - Test Execution Completed
2026-01-12 18:45:25,462 [NUnit.Fw.ParallelWorker#1] INFO  PageObjectModelFramework.BaseTest.baseTest - Test Execution is Started
2026-01-12 18:45:25,825 [NUnit.Fw.ParallelWorker#1] INFO  PageObjectModelFramework.BaseTest.baseTest - Fetched expected data from database
2026-01-12 18:45:35,427 [NUnit.Fw.ParallelWorker#1] INFO  PageObjectModelFramework.BaseTest.baseTest - Test Execution is Completed
2026-01-12 18:45:44,136 [NUnit.Fw.ParallelWorker#3] INFO  PageObjectModelFramework.BaseTest.baseTest - Test Execution Completed
2026-01-12 20:07:40,690 [NUnit.Fw.ParallelWorker#3] INFO  PageObjectModelFramework.BaseTest.baseTest - Test Execution is Started
2026-01-12 20:07:41,554 [NUnit.Fw.ParallelWorker#3] INFO  PageObjectModelFramework.BaseTest.baseTest - Fetched expected data from database
2026-01-12 20:07:56,300 [NUnit.Fw.ParallelWorker#3] INFO  PageObjectModelFramework.BaseTest.baseTest - Test Execution is Completed
2026-01-12 20:07:57,740 [NUnit.Fw.ParallelWorker#3] INFO  PageObjectModelFramework.BaseTest.baseTest - Test Execution is Started
2026-01-12 20:07:57,811 [NUnit.Fw.ParallelWorker#3] INFO  PageObjectModelFramework.BaseTest.baseTest - Fetched expected data from database
2026-01-12 20:08:09,171 [NUnit.Fw.ParallelWorker#3] INFO  PageObjectModelFramework.BaseTest.baseTest - Test Execution is Completed
2026-01-12 20:08:20,279 [NUnit.Fw.ParallelWorker#2] INFO  PageObjectModelFramework.BaseTest.baseTest - Test Execution Completed
2026-01-12 20:27:47,259 [NUnit.Fw.ParallelWorker#3] INFO  PageObjectModelFramework.BaseTest.baseTest - Test Execution is Started
2026-01-12 20:27:47,634 [NUnit.Fw.ParallelWorker#3] INFO  PageObjectModelFramework.BaseTest.baseTest - Fetched expected data from database
2026-01-12 20:28:00,102 [NUnit.Fw.ParallelWorker#3] INFO  PageObjectModelFramework.BaseTest.baseTest - Test Execution is Completed
2026-01-12 20:28:01,637 [NUnit.Fw.ParallelWorker#3] INFO  PageObjectModelFramework.BaseTest.baseTest - Test Execution is Started
2026-01-12 20:28:01,677 [NUnit.Fw.ParallelWorker#3] INFO  PageObjectModelFramework.BaseTest.baseTest - Fetched expected data from database
2026-01-12 20:28:12,845 [NUnit.Fw.ParallelWorker#3] INFO  PageObjectModelFramework.BaseTest.baseTest - Test Execution is Completed
2026-01-12 20:28:23,988 [NUnit.Fw.ParallelWorker#2] INFO  PageObjectModelFramework.BaseTest.baseTest - Test Execution Completed
2026-01-12 20:40:21,905 [NUnit.Fw.ParallelWorker#2] INFO  PageObjectModelFramework.BaseTest.baseTest - Test Execution is Started
2026-01-12 20:40:22,612 [NUnit.Fw.ParallelWorker#2] INFO  PageObjectModelFramework.BaseTest.baseTest - Fetched expected data from database
2026-01-12 20:40:35,654 [NUnit.Fw.ParallelWorker#2] INFO  PageObjectModelFramework.BaseTest.baseTest - Test Execution is Completed
2026-01-12 20:40:37,193 [NUnit.Fw.ParallelWorker#2] INFO  PageObjectModelFramework.BaseTest.baseTest - Test Execution is Started
2026-01-12 20:40:37,233 [NUnit.Fw.ParallelWorker#2] INFO  PageObjectModelFramework.BaseTest.baseTest - Fetched expected data from database
2026-01-12 20:40:47,407 [NUnit.Fw.ParallelWorker#2] INFO  PageObjectModelFramework.BaseTest.baseTest - Test Execution is Completed
2026-01-12 20:40:57,670 [NUnit.Fw.ParallelWorker#3] INFO  PageObjectModelFramework.BaseTest.baseTest - Test Execution Completed
2026-01-12 21:35:41,445 [NUnit.Fw.ParallelWorker#2] INFO  PageObjectModelFramework.BaseTest.baseTest - Test Execution is Started
2026-01-12 21:35:42,071 [NUnit.Fw.ParallelWorker#2] INFO  PageObjectModelFramework.BaseTest.baseTest - Fetched expected data from database
2026-01-12 21:36:03,487 [NUnit.Fw.ParallelWorker#2] INFO  PageObjectModelFramework.BaseTest.baseTest - Test Execution is Completed
2026-01-12 21:36:06,691 [NUnit.Fw.ParallelWorker#2] INFO  PageObjectModelFramework.BaseTest.baseTest - Test Execution is Started
2026-01-12 21:36:06,728 [NUnit.Fw.ParallelWorker#2] INFO  PageObjectModelFramework.BaseTest.baseTest - Fetched expected data from database
2026-01-12 21:36:18,026 [NUnit.Fw.ParallelWorker#2] INFO  PageObjectModelFramework.BaseTest.baseTest - Test Execution is Completed
2026-01-12 21:36:29,481 [NUnit.Fw.ParallelWorker#3] INFO  PageObjectModelFramework.BaseTest.baseTest - Test Execution Completed
2026-01-12 21:39:10,179 [NUnit.Fw.ParallelWorker#3] INFO  PageObjectModelFramework.BaseTest.baseTest - Test Execution is Started
2026-01-12 21:39:10,604 [NUnit.Fw.ParallelWorker#3] INFO  PageObjectModelFramework.BaseTest.baseTest - Fetched expected data from database
2026-01-12 21:39:23,768 [NUnit.Fw.ParallelWorker#3] INFO  PageObjectModelFramework.BaseTest.baseTest - Test Execution is Completed
2026-01-12 21:39:35,136 [NUnit.Fw.ParallelWorker#4] INFO  PageObjectModelFramework.BaseTest.baseTest - Test Execution Completed
2026-01-12 21:43:03,001 [NUnit.Fw.ParallelWorker#1] INFO  PageObjectModelFramework.BaseTest.baseTest - Test Execution is Started
2026-01-12 21:43:03,351 [NUnit.Fw.ParallelWorker#1] INFO  PageObjectModelFramework.BaseTest.baseTest - Fetched expected data from database
2026-01-12 21:43:16,707 [NUnit.Fw.ParallelWorker#1] INFO  PageObjectModelFramework.BaseTest.baseTest - Test Execution is Completed
2026-01-12 21:43:28,862 [NUnit.Fw.ParallelWorker#2] INFO  PageObjectModelFramework.BaseTest.baseTest - Test Execution Completed
2026-01-12 21:56:48,532 [NUnit.Fw.ParallelWorker#1] INFO  PageObjectModelFramework.BaseTest.baseTest - Test Execution is Started
2026-01-12 21:56:48,902 [NUnit.Fw.ParallelWorker#1] INFO  PageObjectModelFramework.BaseTest.baseTest - Fetched expected data from database
2026-01-12 21:57:03,333 [NUnit.Fw.ParallelWorker#1] INFO  PageObjectModelFramework.BaseTest.baseTest - Test Execution is Completed
2026-01-12 21:57:12,148 [NUnit.Fw.ParallelWorker#4] INFO  PageObjectModelFramework.BaseTest.baseTest - Test Execution Completed
2026-01-12 22:01:22,144 [NUnit.Fw.ParallelWorker#2] INFO  PageObjectModelFramework.BaseTest.baseTest - Test Execution is Started
2026-01-12 22:01:22,654 [NUnit.Fw.ParallelWorker#2] INFO  PageObjectModelFramework.BaseTest.baseTest - Fetched expected data from database
2026-01-12 22:01:33,605 [NUnit.Fw.ParallelWorker#2] INFO  PageObjectModelFramework.BaseTest.baseTest - Test Execution is Completed
2026-01-12 22:01:41,967 [NUnit.Fw.ParallelWorker#2] INFO  PageObjectModelFramework.BaseTest.baseTest - Test Execution Completed
